{"stats":{"minecraft:broken":{"minecraft:stone_pickaxe":3,"minecraft:iron_pickaxe":1},"minecraft:mined":{"minecraft:tuff":2,"minecraft:white_bed":1,"minecraft:deepslate_diamond_ore":14,"minecraft:granite":4,"minecraft:grass_block":7,"minecraft:spruce_leaves":4,"minecraft:kelp":12,"minecraft:large_fern":2,"minecraft:hay_block":60,"minecraft:tall_seagrass":1,"minecraft:raw_iron_block":1,"minecraft:furnace":3,"minecraft:iron_ore":35,"minecraft:andesite":1,"minecraft:red_tulip":1,"minecraft:deepslate_iron_ore":21,"minecraft:birch_wall_sign":1,"minecraft:stone":1143,"minecraft:orange_bed":2,"minecraft:podzol":1,"minecraft:deepslate_redstone_ore":9,"minecraft:red_bed":1,"minecraft:kelp_plant":42,"minecraft:crafting_table":7,"minecraft:cornflower":2,"minecraft:torch":1,"minecraft:short_grass":14,"minecraft:cobblestone":16,"minecraft:tall_grass":2,"minecraft:lapis_ore":4,"minecraft:sugar_cane":1,"minecraft:diorite":9,"minecraft:seagrass":1,"minecraft:spruce_log":7,"minecraft:orange_tulip":1,"minecraft:oak_log":9,"minecraft:coal_ore":55,"minecraft:sand":21,"minecraft:dirt":12,"minecraft:gold_ore":6,"minecraft:oak_leaves":7,"minecraft:deepslate":32,"minecraft:fern":2},"minecraft:killed_by":{"minecraft:player":2},"minecraft:used":{"minecraft:stone_shovel":20,"minecraft:shield":12,"minecraft:stone_hoe":33,"minecraft:dirt":18,"minecraft:mutton":1,"minecraft:tuff":2,"minecraft:granite":4,"minecraft:spruce_boat":4,"minecraft:beef":1,"minecraft:furnace":4,"minecraft:water_bucket":14,"minecraft:diorite":9,"minecraft:stone_pickaxe":344,"minecraft:wooden_pickaxe":26,"minecraft:sand":4,"minecraft:crafting_table":9,"minecraft:red_bed":1,"minecraft:birch_sign":1,"minecraft:white_bed":1,"minecraft:diamond_pickaxe":769,"minecraft:apple":1,"minecraft:bread":41,"minecraft:iron_pickaxe":250,"minecraft:stone_axe":130,"minecraft:cobblestone":128,"minecraft:cooked_porkchop":4,"minecraft:andesite":1,"minecraft:bucket":16,"minecraft:oak_boat":5},"minecraft:custom":{"minecraft:mob_kills":32,"minecraft:inspect_hopper":4,"minecraft:interact_with_crafting_table":28,"minecraft:leave_game":11,"minecraft:time_since_death":107205,"minecraft:sprint_one_cm":220130,"minecraft:walk_one_cm":355777,"minecraft:damage_blocked_by_shield":335,"minecraft:drop":109,"minecraft:talked_to_villager":4,"minecraft:play_time":138992,"minecraft:deaths":2,"minecraft:sneak_time":14682,"minecraft:walk_under_water_one_cm":38280,"minecraft:boat_one_cm":552580,"minecraft:jump":2391,"minecraft:walk_on_water_one_cm":30034,"minecraft:total_world_time":138992,"minecraft:interact_with_furnace":58,"minecraft:interact_with_stonecutter":3,"minecraft:sleep_in_bed":9,"minecraft:time_since_rest":38741,"minecraft:damage_taken":2634,"minecraft:damage_dealt":5263,"minecraft:swim_one_cm":113594,"minecraft:fly_one_cm":419948,"minecraft:player_kills":1,"minecraft:open_chest":100,"minecraft:crouch_one_cm":57441,"minecraft:interact_with_smoker":1,"minecraft:fall_one_cm":66262},"minecraft:dropped":{"minecraft:wheat_seeds":3,"minecraft:crafting_table":1,"minecraft:cobblestone":298,"minecraft:stick":6,"minecraft:dirt":6,"minecraft:cornflower":1,"minecraft:sand":1,"minecraft:spruce_sapling":7,"minecraft:stone_axe":1,"minecraft:kelp":1,"minecraft:stone_sword":1,"minecraft:cobbled_deepslate":64,"minecraft:rotten_flesh":3,"minecraft:clay_ball":21,"minecraft:filled_map":2,"minecraft:spruce_planks":47,"minecraft:spruce_log":36,"minecraft:wooden_pickaxe":3,"minecraft:stone_pickaxe":2},"minecraft:crafted":{"minecraft:oak_planks":20,"minecraft:raw_iron":9,"minecraft:wolf_armor":1,"minecraft:furnace":2,"minecraft:piston":1,"minecraft:iron_boots":1,"minecraft:stone_pickaxe":2,"minecraft:diamond_boots":1,"minecraft:spruce_boat":1,"minecraft:dark_oak_planks":48,"minecraft:stone_hoe":1,"minecraft:wheat":234,"minecraft:red_dye":1,"minecraft:cooked_porkchop":5,"minecraft:crafting_table":4,"minecraft:spruce_planks":28,"minecraft:wooden_pickaxe":2,"minecraft:iron_helmet":1,"minecraft:red_bed":1,"minecraft:copper_ingot":6,"minecraft:bucket":2,"minecraft:stone_axe":2,"minecraft:orange_dye":1,"minecraft:bread":78,"minecraft:air":0,"minecraft:oak_boat":1,"minecraft:iron_chestplate":1,"minecraft:diamond_pickaxe":1,"minecraft:shield":1,"minecraft:stick":16,"minecraft:iron_ingot":25,"minecraft:iron_pickaxe":1,"minecraft:iron_leggings":1,"minecraft:white_bed":1,"minecraft:orange_bed":1},"minecraft:picked_up":{"minecraft:crafting_table":8,"minecraft:clay_ball":21,"minecraft:brown_mushroom":1,"minecraft:lead":3,"minecraft:wooden_pickaxe":1,"minecraft:cornflower":1,"minecraft:red_bed":1,"minecraft:cobbled_deepslate":64,"minecraft:spruce_planks":47,"minecraft:beef":12,"minecraft:oak_boat":4,"minecraft:sugar_cane":4,"minecraft:furnace":3,"minecraft:stick":12,"minecraft:raw_iron":56,"minecraft:torch":3,"minecraft:porkchop":6,"minecraft:diorite":9,"minecraft:redstone":40,"minecraft:rotten_flesh":6,"minecraft:stone_sword":1,"minecraft:arrow":3,"minecraft:stone_shovel":2,"minecraft:hay_block":60,"minecraft:red_tulip":1,"minecraft:mutton":15,"minecraft:cobblestone":1190,"minecraft:white_wool":9,"minecraft:andesite":1,"minecraft:leather":4,"minecraft:potato":1,"minecraft:tuff":2,"minecraft:oak_log":9,"minecraft:dirt":27,"minecraft:lapis_lazuli":25,"minecraft:bone":5,"minecraft:apple":1,"minecraft:kelp":262,"minecraft:wheat_seeds":3,"minecraft:orange_tulip":1,"minecraft:raw_gold":5,"minecraft:stone_pickaxe":5,"minecraft:cooked_porkchop":1,"minecraft:raw_iron_block":1,"minecraft:sand":21,"minecraft:spruce_sapling":8,"minecraft:white_bed":1,"minecraft:spruce_log":43,"minecraft:diamond":14,"minecraft:spruce_boat":4,"minecraft:stone_axe":1,"minecraft:granite":4,"minecraft:birch_sign":2,"minecraft:coal":80},"minecraft:killed":{"minecraft:spider":1,"minecraft:skeleton":5,"minecraft:drowned":1,"minecraft:pig":3,"minecraft:sheep":9,"minecraft:trader_llama":1,"minecraft:zombie":5,"minecraft:cow":7}},"DataVersion":3953}