{"stats":{"minecraft:crafted":{"minecraft:red_dye":1,"minecraft:cooked_porkchop":5,"minecraft:crafting_table":1,"minecraft:spruce_planks":28,"minecraft:wooden_pickaxe":1,"minecraft:wolf_armor":1,"minecraft:red_bed":1,"minecraft:furnace":1,"minecraft:copper_ingot":6,"minecraft:bucket":1,"minecraft:stone_axe":1,"minecraft:orange_dye":1,"minecraft:air":0,"minecraft:shield":1,"minecraft:stick":4,"minecraft:iron_ingot":2,"minecraft:stone_pickaxe":1,"minecraft:white_bed":1,"minecraft:spruce_boat":1,"minecraft:orange_bed":1,"minecraft:stone_hoe":1},"minecraft:dropped":{"minecraft:stone_axe":1,"minecraft:kelp":1,"minecraft:wheat_seeds":2,"minecraft:stone_sword":1,"minecraft:crafting_table":1,"minecraft:cobblestone":8,"minecraft:clay_ball":21,"minecraft:stick":6,"minecraft:dirt":5,"minecraft:spruce_planks":47,"minecraft:spruce_log":36,"minecraft:wooden_pickaxe":2,"minecraft:stone_pickaxe":1,"minecraft:spruce_sapling":7},"minecraft:mined":{"minecraft:podzol":1,"minecraft:white_bed":1,"minecraft:red_bed":1,"minecraft:kelp_plant":1,"minecraft:crafting_table":5,"minecraft:short_grass":6,"minecraft:grass_block":1,"minecraft:tall_grass":1,"minecraft:spruce_leaves":4,"minecraft:sugar_cane":1,"minecraft:kelp":1,"minecraft:large_fern":2,"minecraft:hay_block":34,"minecraft:furnace":1,"minecraft:spruce_log":7,"minecraft:orange_tulip":1,"minecraft:red_tulip":1,"minecraft:coal_ore":26,"minecraft:oak_log":4,"minecraft:dirt":6,"minecraft:stone":33,"minecraft:oak_leaves":5,"minecraft:orange_bed":2},"minecraft:picked_up":{"minecraft:crafting_table":6,"minecraft:clay_ball":21,"minecraft:leather":4,"minecraft:brown_mushroom":1,"minecraft:wooden_pickaxe":1,"minecraft:oak_log":4,"minecraft:dirt":13,"minecraft:red_bed":1,"minecraft:apple":1,"minecraft:kelp":1,"minecraft:orange_tulip":1,"minecraft:wheat_seeds":2,"minecraft:spruce_planks":47,"minecraft:beef":11,"minecraft:stone_pickaxe":2,"minecraft:sugar_cane":4,"minecraft:furnace":1,"minecraft:stick":12,"minecraft:cooked_porkchop":1,"minecraft:porkchop":6,"minecraft:spruce_sapling":8,"minecraft:white_bed":1,"minecraft:spruce_log":43,"minecraft:stone_sword":1,"minecraft:stone_shovel":2,"minecraft:spruce_boat":4,"minecraft:stone_axe":1,"minecraft:hay_block":34,"minecraft:red_tulip":1,"minecraft:mutton":15,"minecraft:coal":51,"minecraft:white_wool":9,"minecraft:cobblestone":40},"minecraft:killed_by":{"minecraft:player":2},"minecraft:killed":{"minecraft:pig":3,"minecraft:sheep":9,"minecraft:cow":6},"minecraft:custom":{"minecraft:interact_with_furnace":9,"minecraft:mob_kills":18,"minecraft:interact_with_crafting_table":10,"minecraft:leave_game":2,"minecraft:time_since_death":32,"minecraft:sleep_in_bed":5,"minecraft:time_since_rest":72,"minecraft:sprint_one_cm":86656,"minecraft:damage_taken":663,"minecraft:walk_one_cm":69461,"minecraft:drop":25,"minecraft:damage_dealt":1922,"minecraft:swim_one_cm":30168,"minecraft:fly_one_cm":185089,"minecraft:player_kills":1,"minecraft:open_chest":8,"minecraft:crouch_one_cm":2058,"minecraft:play_time":31819,"minecraft:deaths":2,"minecraft:sneak_time":410,"minecraft:walk_under_water_one_cm":5331,"minecraft:boat_one_cm":104955,"minecraft:jump":880,"minecraft:walk_on_water_one_cm":5412,"minecraft:total_world_time":31819,"minecraft:fall_one_cm":28937},"minecraft:used":{"minecraft:water_bucket":1,"minecraft:stone_shovel":1,"minecraft:stone_pickaxe":51,"minecraft:wooden_pickaxe":15,"minecraft:stone_hoe":33,"minecraft:dirt":7,"minecraft:mutton":1,"minecraft:crafting_table":5,"minecraft:red_bed":1,"minecraft:white_bed":1,"minecraft:spruce_boat":4,"minecraft:apple":1,"minecraft:stone_axe":41,"minecraft:furnace":1,"minecraft:cooked_porkchop":4,"minecraft:bucket":2}},"DataVersion":3953}