{"stats":{"minecraft:mined":{"minecraft:podzol":1,"minecraft:deepslate_redstone_ore":2,"minecraft:white_bed":1,"minecraft:red_bed":1,"minecraft:kelp_plant":1,"minecraft:crafting_table":6,"minecraft:cornflower":2,"minecraft:granite":4,"minecraft:short_grass":14,"minecraft:grass_block":6,"minecraft:cobblestone":11,"minecraft:tall_grass":2,"minecraft:spruce_leaves":4,"minecraft:lapis_ore":4,"minecraft:sugar_cane":1,"minecraft:kelp":1,"minecraft:diorite":9,"minecraft:large_fern":2,"minecraft:hay_block":60,"minecraft:furnace":3,"minecraft:iron_ore":31,"minecraft:spruce_log":7,"minecraft:andesite":1,"minecraft:orange_tulip":1,"minecraft:deepslate_iron_ore":4,"minecraft:red_tulip":1,"minecraft:coal_ore":29,"minecraft:oak_log":9,"minecraft:sand":5,"minecraft:dirt":9,"minecraft:stone":92,"minecraft:deepslate":2,"minecraft:gold_ore":6,"minecraft:oak_leaves":7,"minecraft:orange_bed":2,"minecraft:fern":2},"minecraft:broken":{"minecraft:stone_pickaxe":1},"minecraft:killed_by":{"minecraft:player":2},"minecraft:used":{"minecraft:water_bucket":1,"minecraft:diorite":2,"minecraft:stone_pickaxe":188,"minecraft:stone_shovel":1,"minecraft:wooden_pickaxe":26,"minecraft:shield":12,"minecraft:stone_hoe":33,"minecraft:sand":4,"minecraft:dirt":18,"minecraft:mutton":1,"minecraft:crafting_table":9,"minecraft:red_bed":1,"minecraft:white_bed":1,"minecraft:granite":4,"minecraft:spruce_boat":4,"minecraft:apple":1,"minecraft:iron_pickaxe":13,"minecraft:bread":21,"minecraft:cobblestone":30,"minecraft:beef":1,"minecraft:stone_axe":49,"minecraft:furnace":3,"minecraft:cooked_porkchop":4,"minecraft:bucket":2,"minecraft:oak_boat":3},"minecraft:custom":{"minecraft:interact_with_furnace":32,"minecraft:mob_kills":25,"minecraft:inspect_hopper":2,"minecraft:interact_with_crafting_table":22,"minecraft:leave_game":5,"minecraft:time_since_death":36963,"minecraft:sleep_in_bed":8,"minecraft:time_since_rest":17180,"minecraft:sprint_one_cm":137820,"minecraft:damage_taken":1783,"minecraft:walk_one_cm":145831,"minecraft:damage_blocked_by_shield":335,"minecraft:drop":31,"minecraft:damage_dealt":3103,"minecraft:swim_one_cm":76146,"minecraft:fly_one_cm":283545,"minecraft:player_kills":1,"minecraft:open_chest":33,"minecraft:play_time":68750,"minecraft:crouch_one_cm":11746,"minecraft:sneak_time":4522,"minecraft:deaths":2,"minecraft:walk_under_water_one_cm":17067,"minecraft:boat_one_cm":316485,"minecraft:jump":1553,"minecraft:walk_on_water_one_cm":12000,"minecraft:total_world_time":68750,"minecraft:fall_one_cm":53030},"minecraft:dropped":{"minecraft:stone_axe":1,"minecraft:kelp":1,"minecraft:wheat_seeds":3,"minecraft:stone_sword":1,"minecraft:crafting_table":1,"minecraft:cobblestone":8,"minecraft:clay_ball":21,"minecraft:stick":6,"minecraft:filled_map":2,"minecraft:dirt":5,"minecraft:cornflower":1,"minecraft:spruce_planks":47,"minecraft:spruce_log":36,"minecraft:sand":1,"minecraft:wooden_pickaxe":3,"minecraft:stone_pickaxe":1,"minecraft:spruce_sapling":7},"minecraft:crafted":{"minecraft:red_dye":1,"minecraft:oak_planks":20,"minecraft:cooked_porkchop":5,"minecraft:crafting_table":4,"minecraft:spruce_planks":28,"minecraft:wooden_pickaxe":2,"minecraft:wolf_armor":1,"minecraft:red_bed":1,"minecraft:furnace":2,"minecraft:copper_ingot":6,"minecraft:bucket":1,"minecraft:stone_axe":2,"minecraft:orange_dye":1,"minecraft:bread":78,"minecraft:air":0,"minecraft:oak_boat":1,"minecraft:iron_chestplate":1,"minecraft:shield":1,"minecraft:stick":12,"minecraft:iron_ingot":25,"minecraft:iron_pickaxe":1,"minecraft:stone_pickaxe":2,"minecraft:iron_leggings":1,"minecraft:white_bed":1,"minecraft:spruce_boat":1,"minecraft:orange_bed":1,"minecraft:dark_oak_planks":48,"minecraft:stone_hoe":1,"minecraft:wheat":234},"minecraft:picked_up":{"minecraft:crafting_table":7,"minecraft:clay_ball":21,"minecraft:andesite":1,"minecraft:leather":4,"minecraft:brown_mushroom":1,"minecraft:wooden_pickaxe":1,"minecraft:oak_log":9,"minecraft:lapis_lazuli":25,"minecraft:cornflower":1,"minecraft:dirt":24,"minecraft:red_bed":1,"minecraft:bone":4,"minecraft:apple":1,"minecraft:kelp":1,"minecraft:wheat_seeds":3,"minecraft:orange_tulip":1,"minecraft:cobbled_deepslate":2,"minecraft:raw_gold":5,"minecraft:spruce_planks":47,"minecraft:beef":12,"minecraft:stone_pickaxe":4,"minecraft:oak_boat":3,"minecraft:sugar_cane":4,"minecraft:furnace":3,"minecraft:stick":12,"minecraft:raw_iron":35,"minecraft:cooked_porkchop":1,"minecraft:porkchop":6,"minecraft:sand":5,"minecraft:spruce_sapling":8,"minecraft:diorite":9,"minecraft:white_bed":1,"minecraft:spruce_log":43,"minecraft:redstone":9,"minecraft:rotten_flesh":2,"minecraft:stone_sword":1,"minecraft:arrow":3,"minecraft:stone_shovel":2,"minecraft:spruce_boat":4,"minecraft:stone_axe":1,"minecraft:hay_block":60,"minecraft:red_tulip":1,"minecraft:granite":4,"minecraft:mutton":15,"minecraft:coal":54,"minecraft:white_wool":9,"minecraft:cobblestone":108},"minecraft:killed":{"minecraft:pig":3,"minecraft:skeleton":4,"minecraft:sheep":9,"minecraft:zombie":2,"minecraft:cow":7}},"DataVersion":3953}