{"stats":{"minecraft:mined":{"minecraft:large_fern":2},"minecraft:killed_by":{"minecraft:player":1},"minecraft:custom":{"minecraft:time_since_rest":1912,"minecraft:play_time":2557,"minecraft:sprint_one_cm":3941,"minecraft:walk_one_cm":16024,"minecraft:damage_taken":275,"minecraft:deaths":1,"minecraft:drop":21,"minecraft:jump":63,"minecraft:damage_dealt":196,"minecraft:leave_game":1,"minecraft:time_since_death":1881,"minecraft:total_world_time":2557,"minecraft:player_kills":1,"minecraft:fall_one_cm":2274,"minecraft:fly_one_cm":5418},"minecraft:dropped":{"minecraft:cobblestone":8,"minecraft:stone_axe":1,"minecraft:dirt":5,"minecraft:clay_ball":21,"minecraft:spruce_log":36,"minecraft:stone_pickaxe":1,"minecraft:wheat_seeds":1,"minecraft:wooden_pickaxe":1,"minecraft:stone_sword":1,"minecraft:spruce_planks":47,"minecraft:crafting_table":1,"minecraft:spruce_sapling":6,"minecraft:stick":6},"minecraft:picked_up":{"minecraft:crafting_table":1,"minecraft:stick":12,"minecraft:stone_sword":1,"minecraft:clay_ball":21,"minecraft:stone_axe":1,"minecraft:brown_mushroom":1,"minecraft:wheat_seeds":1,"minecraft:wooden_pickaxe":1,"minecraft:spruce_planks":47,"minecraft:stone_pickaxe":1,"minecraft:spruce_sapling":7,"minecraft:spruce_log":36,"minecraft:dirt":5,"minecraft:cobblestone":8}},"DataVersion":3953}