{"stats":{"minecraft:crafted":{"minecraft:crafting_table":1,"minecraft:spruce_planks":28,"minecraft:stick":4,"minecraft:wooden_pickaxe":1,"minecraft:stone_pickaxe":1,"minecraft:stone_axe":1},"minecraft:dropped":{"minecraft:dirt":5,"minecraft:stone_axe":1,"minecraft:wheat_seeds":2,"minecraft:stone_sword":1,"minecraft:spruce_planks":47,"minecraft:crafting_table":1,"minecraft:cobblestone":8,"minecraft:clay_ball":21,"minecraft:spruce_log":36,"minecraft:stone_pickaxe":1,"minecraft:wooden_pickaxe":2,"minecraft:spruce_sapling":7,"minecraft:stick":6},"minecraft:mined":{"minecraft:podzol":1,"minecraft:large_fern":2,"minecraft:spruce_log":7,"minecraft:crafting_table":1,"minecraft:short_grass":1,"minecraft:coal_ore":26,"minecraft:dirt":6,"minecraft:spruce_leaves":4,"minecraft:stone":33},"minecraft:picked_up":{"minecraft:stick":12,"minecraft:crafting_table":2,"minecraft:clay_ball":21,"minecraft:brown_mushroom":1,"minecraft:wooden_pickaxe":1,"minecraft:porkchop":6,"minecraft:spruce_sapling":8,"minecraft:spruce_log":43,"minecraft:dirt":12,"minecraft:stone_sword":1,"minecraft:stone_axe":1,"minecraft:wheat_seeds":2,"minecraft:spruce_planks":47,"minecraft:stone_pickaxe":1,"minecraft:coal":26,"minecraft:cobblestone":40},"minecraft:killed_by":{"minecraft:player":1},"minecraft:killed":{"minecraft:pig":3},"minecraft:custom":{"minecraft:time_since_rest":8935,"minecraft:sprint_one_cm":18391,"minecraft:damage_taken":305,"minecraft:walk_one_cm":30178,"minecraft:mob_kills":3,"minecraft:drop":24,"minecraft:damage_dealt":496,"minecraft:interact_with_crafting_table":3,"minecraft:fly_one_cm":29776,"minecraft:player_kills":1,"minecraft:crouch_one_cm":1377,"minecraft:play_time":9580,"minecraft:deaths":1,"minecraft:sneak_time":276,"minecraft:jump":259,"minecraft:leave_game":1,"minecraft:time_since_death":8904,"minecraft:total_world_time":9580,"minecraft:fall_one_cm":7136},"minecraft:used":{"minecraft:stone_pickaxe":49,"minecraft:wooden_pickaxe":15,"minecraft:stone_axe":5,"minecraft:dirt":7,"minecraft:crafting_table":1}},"DataVersion":3953}