{"stats":{"minecraft:broken":{"minecraft:stone_pickaxe":1},"minecraft:mined":{"minecraft:tuff":2,"minecraft:white_bed":1,"minecraft:deepslate_diamond_ore":14,"minecraft:granite":4,"minecraft:grass_block":6,"minecraft:spruce_leaves":4,"minecraft:kelp":1,"minecraft:large_fern":2,"minecraft:hay_block":60,"minecraft:raw_iron_block":1,"minecraft:furnace":3,"minecraft:iron_ore":31,"minecraft:andesite":1,"minecraft:red_tulip":1,"minecraft:deepslate_iron_ore":21,"minecraft:stone":92,"minecraft:orange_bed":2,"minecraft:podzol":1,"minecraft:deepslate_redstone_ore":9,"minecraft:red_bed":1,"minecraft:kelp_plant":1,"minecraft:crafting_table":7,"minecraft:cornflower":2,"minecraft:short_grass":14,"minecraft:tall_grass":2,"minecraft:cobblestone":11,"minecraft:lapis_ore":4,"minecraft:sugar_cane":1,"minecraft:diorite":9,"minecraft:spruce_log":7,"minecraft:orange_tulip":1,"minecraft:oak_log":9,"minecraft:coal_ore":29,"minecraft:sand":5,"minecraft:dirt":9,"minecraft:gold_ore":6,"minecraft:oak_leaves":7,"minecraft:deepslate":32,"minecraft:fern":2},"minecraft:killed_by":{"minecraft:player":2},"minecraft:used":{"minecraft:stone_shovel":1,"minecraft:shield":12,"minecraft:stone_hoe":33,"minecraft:dirt":18,"minecraft:mutton":1,"minecraft:tuff":2,"minecraft:granite":4,"minecraft:spruce_boat":4,"minecraft:beef":1,"minecraft:furnace":3,"minecraft:water_bucket":6,"minecraft:diorite":8,"minecraft:stone_pickaxe":188,"minecraft:wooden_pickaxe":26,"minecraft:sand":4,"minecraft:crafting_table":9,"minecraft:red_bed":1,"minecraft:white_bed":1,"minecraft:apple":1,"minecraft:bread":27,"minecraft:iron_pickaxe":84,"minecraft:stone_axe":64,"minecraft:cobblestone":57,"minecraft:cooked_porkchop":4,"minecraft:andesite":1,"minecraft:bucket":8,"minecraft:oak_boat":3},"minecraft:custom":{"minecraft:mob_kills":29,"minecraft:inspect_hopper":2,"minecraft:interact_with_crafting_table":22,"minecraft:leave_game":7,"minecraft:time_since_death":46624,"minecraft:sprint_one_cm":157775,"minecraft:walk_one_cm":168794,"minecraft:damage_blocked_by_shield":335,"minecraft:drop":31,"minecraft:play_time":78411,"minecraft:deaths":2,"minecraft:sneak_time":6388,"minecraft:walk_under_water_one_cm":25646,"minecraft:boat_one_cm":316485,"minecraft:jump":1800,"minecraft:walk_on_water_one_cm":20023,"minecraft:total_world_time":78411,"minecraft:interact_with_furnace":32,"minecraft:sleep_in_bed":8,"minecraft:time_since_rest":26841,"minecraft:damage_taken":2079,"minecraft:damage_dealt":4241,"minecraft:swim_one_cm":76146,"minecraft:fly_one_cm":324016,"minecraft:player_kills":1,"minecraft:open_chest":33,"minecraft:crouch_one_cm":16387,"minecraft:fall_one_cm":60601},"minecraft:dropped":{"minecraft:wheat_seeds":3,"minecraft:crafting_table":1,"minecraft:cobblestone":8,"minecraft:stick":6,"minecraft:dirt":5,"minecraft:cornflower":1,"minecraft:sand":1,"minecraft:spruce_sapling":7,"minecraft:stone_axe":1,"minecraft:kelp":1,"minecraft:stone_sword":1,"minecraft:clay_ball":21,"minecraft:filled_map":2,"minecraft:spruce_planks":47,"minecraft:spruce_log":36,"minecraft:wooden_pickaxe":3,"minecraft:stone_pickaxe":1},"minecraft:crafted":{"minecraft:oak_planks":20,"minecraft:raw_iron":9,"minecraft:wolf_armor":1,"minecraft:furnace":2,"minecraft:stone_pickaxe":2,"minecraft:spruce_boat":1,"minecraft:dark_oak_planks":48,"minecraft:stone_hoe":1,"minecraft:wheat":234,"minecraft:red_dye":1,"minecraft:cooked_porkchop":5,"minecraft:crafting_table":4,"minecraft:spruce_planks":28,"minecraft:wooden_pickaxe":2,"minecraft:red_bed":1,"minecraft:copper_ingot":6,"minecraft:bucket":2,"minecraft:stone_axe":2,"minecraft:orange_dye":1,"minecraft:bread":78,"minecraft:air":0,"minecraft:oak_boat":1,"minecraft:iron_chestplate":1,"minecraft:shield":1,"minecraft:stick":12,"minecraft:iron_ingot":25,"minecraft:iron_pickaxe":1,"minecraft:iron_leggings":1,"minecraft:white_bed":1,"minecraft:orange_bed":1},"minecraft:picked_up":{"minecraft:crafting_table":8,"minecraft:clay_ball":21,"minecraft:brown_mushroom":1,"minecraft:wooden_pickaxe":1,"minecraft:cornflower":1,"minecraft:red_bed":1,"minecraft:cobbled_deepslate":32,"minecraft:spruce_planks":47,"minecraft:beef":12,"minecraft:oak_boat":3,"minecraft:sugar_cane":4,"minecraft:furnace":3,"minecraft:raw_iron":52,"minecraft:stick":12,"minecraft:porkchop":6,"minecraft:diorite":9,"minecraft:redstone":40,"minecraft:rotten_flesh":2,"minecraft:stone_sword":1,"minecraft:arrow":3,"minecraft:stone_shovel":2,"minecraft:hay_block":60,"minecraft:red_tulip":1,"minecraft:mutton":15,"minecraft:cobblestone":108,"minecraft:white_wool":9,"minecraft:andesite":1,"minecraft:leather":4,"minecraft:potato":1,"minecraft:tuff":2,"minecraft:oak_log":9,"minecraft:lapis_lazuli":25,"minecraft:dirt":24,"minecraft:bone":5,"minecraft:apple":1,"minecraft:kelp":1,"minecraft:orange_tulip":1,"minecraft:wheat_seeds":3,"minecraft:raw_gold":5,"minecraft:stone_pickaxe":4,"minecraft:cooked_porkchop":1,"minecraft:raw_iron_block":1,"minecraft:sand":5,"minecraft:spruce_sapling":8,"minecraft:white_bed":1,"minecraft:spruce_log":43,"minecraft:diamond":14,"minecraft:stone_axe":1,"minecraft:spruce_boat":4,"minecraft:granite":4,"minecraft:coal":54},"minecraft:killed":{"minecraft:skeleton":5,"minecraft:pig":3,"minecraft:sheep":9,"minecraft:zombie":5,"minecraft:cow":7}},"DataVersion":3953}