{"stats":{"minecraft:mined":{"minecraft:podzol":1,"minecraft:white_bed":1,"minecraft:red_bed":1,"minecraft:kelp_plant":1,"minecraft:crafting_table":5,"minecraft:short_grass":10,"minecraft:grass_block":3,"minecraft:tall_grass":2,"minecraft:spruce_leaves":4,"minecraft:sugar_cane":1,"minecraft:kelp":1,"minecraft:large_fern":2,"minecraft:hay_block":60,"minecraft:furnace":1,"minecraft:spruce_log":7,"minecraft:orange_tulip":1,"minecraft:red_tulip":1,"minecraft:oak_log":9,"minecraft:coal_ore":26,"minecraft:sand":5,"minecraft:dirt":6,"minecraft:stone":39,"minecraft:oak_leaves":7,"minecraft:fern":2,"minecraft:orange_bed":2},"minecraft:killed_by":{"minecraft:player":2},"minecraft:used":{"minecraft:water_bucket":1,"minecraft:stone_pickaxe":51,"minecraft:stone_shovel":1,"minecraft:wooden_pickaxe":26,"minecraft:stone_hoe":33,"minecraft:sand":4,"minecraft:dirt":9,"minecraft:mutton":1,"minecraft:crafting_table":7,"minecraft:red_bed":1,"minecraft:white_bed":1,"minecraft:spruce_boat":4,"minecraft:apple":1,"minecraft:bread":8,"minecraft:beef":1,"minecraft:stone_axe":41,"minecraft:furnace":1,"minecraft:cooked_porkchop":4,"minecraft:bucket":2,"minecraft:oak_boat":3},"minecraft:custom":{"minecraft:interact_with_furnace":9,"minecraft:mob_kills":19,"minecraft:interact_with_crafting_table":14,"minecraft:leave_game":4,"minecraft:time_since_death":15791,"minecraft:sleep_in_bed":7,"minecraft:time_since_rest":10128,"minecraft:sprint_one_cm":108753,"minecraft:damage_taken":1113,"minecraft:walk_one_cm":96821,"minecraft:drop":27,"minecraft:damage_dealt":2022,"minecraft:swim_one_cm":72965,"minecraft:fly_one_cm":235678,"minecraft:player_kills":1,"minecraft:open_chest":12,"minecraft:crouch_one_cm":3125,"minecraft:play_time":47578,"minecraft:deaths":2,"minecraft:sneak_time":721,"minecraft:walk_under_water_one_cm":16255,"minecraft:boat_one_cm":275671,"minecraft:jump":1136,"minecraft:walk_on_water_one_cm":9511,"minecraft:total_world_time":47578,"minecraft:fall_one_cm":38405},"minecraft:dropped":{"minecraft:stone_axe":1,"minecraft:kelp":1,"minecraft:wheat_seeds":3,"minecraft:stone_sword":1,"minecraft:crafting_table":1,"minecraft:cobblestone":8,"minecraft:clay_ball":21,"minecraft:stick":6,"minecraft:dirt":5,"minecraft:spruce_planks":47,"minecraft:spruce_log":36,"minecraft:sand":1,"minecraft:wooden_pickaxe":2,"minecraft:stone_pickaxe":1,"minecraft:spruce_sapling":7},"minecraft:crafted":{"minecraft:red_dye":1,"minecraft:oak_planks":20,"minecraft:cooked_porkchop":5,"minecraft:crafting_table":3,"minecraft:spruce_planks":28,"minecraft:wooden_pickaxe":2,"minecraft:wolf_armor":1,"minecraft:red_bed":1,"minecraft:furnace":1,"minecraft:copper_ingot":6,"minecraft:bucket":1,"minecraft:stone_axe":1,"minecraft:orange_dye":1,"minecraft:bread":78,"minecraft:air":0,"minecraft:oak_boat":1,"minecraft:shield":1,"minecraft:stick":8,"minecraft:iron_ingot":2,"minecraft:stone_pickaxe":2,"minecraft:white_bed":1,"minecraft:spruce_boat":1,"minecraft:orange_bed":1,"minecraft:stone_hoe":1,"minecraft:wheat":234},"minecraft:picked_up":{"minecraft:crafting_table":6,"minecraft:clay_ball":21,"minecraft:leather":4,"minecraft:brown_mushroom":1,"minecraft:wooden_pickaxe":1,"minecraft:oak_log":9,"minecraft:dirt":15,"minecraft:red_bed":1,"minecraft:apple":1,"minecraft:kelp":1,"minecraft:wheat_seeds":3,"minecraft:orange_tulip":1,"minecraft:spruce_planks":47,"minecraft:beef":12,"minecraft:stone_pickaxe":2,"minecraft:oak_boat":2,"minecraft:sugar_cane":4,"minecraft:furnace":1,"minecraft:stick":12,"minecraft:cooked_porkchop":1,"minecraft:porkchop":6,"minecraft:sand":5,"minecraft:spruce_sapling":8,"minecraft:white_bed":1,"minecraft:spruce_log":43,"minecraft:stone_sword":1,"minecraft:stone_shovel":2,"minecraft:spruce_boat":4,"minecraft:stone_axe":1,"minecraft:hay_block":60,"minecraft:red_tulip":1,"minecraft:mutton":15,"minecraft:white_wool":9,"minecraft:coal":51,"minecraft:cobblestone":46},"minecraft:killed":{"minecraft:pig":3,"minecraft:sheep":9,"minecraft:cow":7}},"DataVersion":3953}