{"stats":{"minecraft:custom":{"minecraft:time_since_rest":19440,"minecraft:crouch_one_cm":256,"minecraft:play_time":19440,"minecraft:sprint_one_cm":3561,"minecraft:damage_taken":40,"minecraft:walk_one_cm":8333,"minecraft:sneak_time":165,"minecraft:jump":63,"minecraft:leave_game":2,"minecraft:time_since_death":19440,"minecraft:total_world_time":19440,"minecraft:climb_one_cm":692,"minecraft:interact_with_crafting_table":3,"minecraft:fly_one_cm":4464,"minecraft:fall_one_cm":1377},"minecraft:picked_up":{"minecraft:sandstone":50,"minecraft:sand":19,"minecraft:mangrove_roots":1,"minecraft:mangrove_log":18,"minecraft:cobblestone":11,"minecraft:moss_carpet":1},"minecraft:broken":{"minecraft:wooden_pickaxe":1},"minecraft:mined":{"minecraft:sand":19,"minecraft:mangrove_log":18,"minecraft:stone":11,"minecraft:mangrove_roots":1,"minecraft:sandstone":50,"minecraft:mangrove_leaves":12},"minecraft:crafted":{"minecraft:stone_sword":1,"minecraft:mangrove_planks":72,"minecraft:stone_axe":1,"minecraft:crafting_table":1,"minecraft:stick":8,"minecraft:wooden_pickaxe":1,"minecraft:stone_pickaxe":1},"minecraft:used":{"minecraft:moss_carpet":1,"minecraft:crafting_table":1,"minecraft:mangrove_roots":1,"minecraft:stone_pickaxe":2,"minecraft:wooden_pickaxe":59,"minecraft:sandstone":4}},"DataVersion":3465}