{"stats":{"minecraft:custom":{"minecraft:jump":42,"minecraft:time_since_rest":2304,"minecraft:leave_game":1,"minecraft:walk_on_water_one_cm":1148,"minecraft:sprint_one_cm":2883,"minecraft:play_time":2304,"minecraft:time_since_death":2304,"minecraft:walk_one_cm":4415,"minecraft:sneak_time":2,"minecraft:total_world_time":2304,"minecraft:walk_under_water_one_cm":868,"minecraft:swim_one_cm":2310,"minecraft:drop":2,"minecraft:fall_one_cm":1219,"minecraft:fly_one_cm":3815},"minecraft:picked_up":{"minecraft:mangrove_roots":2,"minecraft:mangrove_log":6},"minecraft:dropped":{"minecraft:mangrove_roots":2},"minecraft:mined":{"minecraft:mangrove_log":6,"minecraft:mangrove_roots":1,"minecraft:mangrove_leaves":1},"minecraft:crafted":{"minecraft:crafting_table":1,"minecraft:stick":4,"minecraft:mangrove_planks":24}},"DataVersion":3465}