{"stats":{"minecraft:mined":{"quark:hollow_birch_log":7,"minecraft:seagrass":1,"minecraft:white_bed":1,"minecraft:wheat":2,"minecraft:birch_leaves":1,"minecraft:jungle_fence":1,"minecraft:mangrove_roots":3,"minecraft:moss_carpet":7,"minecraft:mangrove_leaves":3,"minecraft:jungle_stairs":1,"minecraft:grass":65,"minecraft:dead_bush":12,"minecraft:mangrove_log":3,"minecraft:tall_grass":17,"quark:crimson_chest":1,"minecraft:sugar_cane":1,"minecraft:oak_leaves":3},"minecraft:dropped":{"minecraft:filled_map":2,"minecraft:moss_carpet":2,"minecraft:wheat_seeds":7,"quark:hollow_birch_log":1,"minecraft:jungle_stairs":1,"minecraft:mangrove_propagule":1,"minecraft:golden_axe":2,"minecraft:rotten_flesh":1,"minecraft:pumpkin_pie":3,"minecraft:stick":10},"minecraft:crafted":{"minecraft:bread":8,"minecraft:wheat":18},"minecraft:killed":{"minecraft:tropical_fish":4},"minecraft:used":{"minecraft:moss_carpet":6,"minecraft:mangrove_log":1,"minecraft:tropical_fish":5,"minecraft:bread":6,"quark:crimson_chest":1,"minecraft:jungle_stairs":1,"quark:hollow_birch_log":6,"minecraft:hay_block":1,"minecraft:mangrove_roots":2,"minecraft:white_bed":1,"minecraft:pumpkin_pie":1,"minecraft:golden_axe":1},"minecraft:custom":{"minecraft:time_since_rest":6573,"minecraft:sprint_one_cm":69610,"minecraft:damage_taken":242,"minecraft:walk_one_cm":94231,"minecraft:mob_kills":4,"minecraft:drop":30,"minecraft:damage_dealt":368,"minecraft:interact_with_crafting_table":1,"minecraft:swim_one_cm":22987,"minecraft:talked_to_villager":1,"minecraft:fly_one_cm":136483,"minecraft:open_chest":20,"minecraft:crouch_one_cm":6374,"minecraft:play_time":33681,"minecraft:sneak_time":3593,"minecraft:walk_under_water_one_cm":9838,"minecraft:boat_one_cm":130196,"minecraft:jump":632,"minecraft:walk_on_water_one_cm":13923,"minecraft:leave_game":2,"minecraft:time_since_death":33681,"minecraft:sleep_in_bed":3,"minecraft:climb_one_cm":2006,"minecraft:total_world_time":33681,"minecraft:fall_one_cm":14129},"minecraft:picked_up":{"minecraft:stick":10,"minecraft:wheat":1,"minecraft:smithing_table":1,"quark:blossom_log":17,"minecraft:white_bed":1,"minecraft:moss_carpet":8,"minecraft:rotten_flesh":1,"minecraft:tropical_fish":5,"minecraft:wheat_seeds":12,"minecraft:jungle_stairs":2,"minecraft:light_weighted_pressure_plate":1,"minecraft:hay_block":3,"quark:hollow_birch_log":11,"minecraft:mangrove_roots":2,"minecraft:iron_nugget":5,"minecraft:sugar_cane":1,"minecraft:mangrove_propagule":1,"minecraft:mangrove_log":1,"quark:crimson_chest":1}},"DataVersion":3465}