{"stats":{"minecraft:broken":{"minecraft:stone_pickaxe":1,"minecraft:stone_axe":1,"minecraft:wooden_axe":1,"minecraft:wooden_pickaxe":1},"minecraft:mined":{"minecraft:podzol":2,"minecraft:white_bed":3,"minecraft:glass_pane":1,"minecraft:melon_stem":1,"minecraft:cherry_log":10,"minecraft:jungle_leaves":76,"minecraft:clay":5,"minecraft:crafting_table":4,"minecraft:cornflower":1,"minecraft:short_grass":61,"minecraft:acacia_log":1,"minecraft:melon":5,"minecraft:grass_block":2,"minecraft:jungle_log":2,"minecraft:tall_grass":23,"minecraft:spruce_leaves":11,"minecraft:grindstone":1,"minecraft:sugar_cane":6,"minecraft:pink_petals":1,"minecraft:large_fern":1,"minecraft:hay_block":48,"minecraft:furnace":1,"minecraft:birch_log":21,"minecraft:fire":1,"minecraft:wheat":14,"minecraft:sweet_berry_bush":18,"minecraft:spruce_log":69,"minecraft:yellow_bed":1,"minecraft:bell":2,"minecraft:coal_ore":22,"minecraft:vine":2,"minecraft:cherry_leaves":5,"minecraft:acacia_fence":1,"minecraft:dirt":14,"minecraft:bamboo":1,"minecraft:stone":77,"minecraft:oak_leaves":1,"minecraft:orange_bed":3,"minecraft:fern":2},"minecraft:custom":{"minecraft:interact_with_furnace":7,"minecraft:mob_kills":50,"minecraft:animals_bred":1,"minecraft:interact_with_crafting_table":7,"minecraft:open_barrel":1,"minecraft:leave_game":1,"minecraft:time_since_death":71580,"minecraft:sleep_in_bed":5,"minecraft:climb_one_cm":1989,"minecraft:time_since_rest":6186,"minecraft:sprint_one_cm":144531,"minecraft:damage_taken":425,"minecraft:walk_one_cm":193898,"minecraft:drop":54,"minecraft:damage_dealt":4366,"minecraft:swim_one_cm":32451,"minecraft:talked_to_villager":1,"minecraft:fly_one_cm":274692,"minecraft:open_chest":7,"minecraft:crouch_one_cm":7664,"minecraft:play_time":71580,"minecraft:sneak_time":3906,"minecraft:walk_under_water_one_cm":20482,"minecraft:boat_one_cm":79914,"minecraft:jump":1860,"minecraft:walk_on_water_one_cm":11766,"minecraft:total_world_time":71580,"minecraft:fall_one_cm":46682},"minecraft:used":{"minecraft:cooked_mutton":7,"minecraft:stone_pickaxe":112,"minecraft:wooden_pickaxe":71,"minecraft:bell":1,"minecraft:jungle_boat":4,"minecraft:orange_bed":2,"minecraft:dirt":16,"minecraft:crafting_table":5,"minecraft:white_bed":4,"minecraft:wooden_axe":59,"minecraft:black_wool":1,"minecraft:spruce_sapling":4,"minecraft:stone_axe":90,"minecraft:bow":1,"minecraft:hay_block":4,"minecraft:sweet_berries":27,"minecraft:furnace":1,"minecraft:gray_wool":1},"minecraft:crafted":{"minecraft:crafting_table":2,"minecraft:spruce_planks":28,"minecraft:jungle_boat":1,"minecraft:wooden_pickaxe":1,"minecraft:furnace":1,"minecraft:stone_axe":1,"minecraft:cooked_mutton":12,"minecraft:air":0,"minecraft:jungle_planks":8,"minecraft:stick":8,"minecraft:stone_pickaxe":1,"minecraft:wooden_axe":1,"minecraft:white_bed":2},"minecraft:dropped":{"minecraft:compass":1,"minecraft:wheat_seeds":32,"minecraft:coarse_dirt":1,"minecraft:crafting_table":1,"minecraft:clay_ball":20,"minecraft:jungle_planks":3,"minecraft:cooked_mutton":5,"minecraft:white_bed":2,"minecraft:rabbit_hide":1,"minecraft:dirt":2,"minecraft:cornflower":2,"minecraft:yellow_bed":1},"minecraft:picked_up":{"minecraft:birch_log":21,"minecraft:crafting_table":4,"minecraft:coarse_dirt":1,"minecraft:jungle_boat":3,"minecraft:clay_ball":20,"minecraft:salmon":18,"minecraft:jungle_log":2,"minecraft:leather":4,"minecraft:wooden_pickaxe":1,"minecraft:yellow_bed":1,"minecraft:cornflower":2,"minecraft:dirt":18,"minecraft:cooked_salmon":3,"minecraft:compass":1,"minecraft:bone":1,"minecraft:bow":1,"minecraft:wheat_seeds":32,"minecraft:bell":2,"minecraft:rabbit_hide":1,"minecraft:iron_ingot":4,"minecraft:grindstone":1,"minecraft:beef":8,"minecraft:jungle_sapling":2,"minecraft:poppy":2,"minecraft:bamboo":2,"minecraft:melon_slice":24,"minecraft:sugar_cane":15,"minecraft:furnace":1,"minecraft:stick":2,"minecraft:sweet_berries":27,"minecraft:porkchop":16,"minecraft:cherry_log":10,"minecraft:spruce_sapling":5,"minecraft:white_bed":4,"minecraft:spruce_log":88,"minecraft:orange_bed":3,"minecraft:arrow":1,"minecraft:hay_block":49,"minecraft:cherry_sapling":2,"minecraft:gray_wool":1,"minecraft:black_wool":1,"minecraft:mutton":31,"minecraft:coal":42,"minecraft:white_wool":18,"minecraft:cobblestone":77},"minecraft:killed":{"minecraft:pig":9,"minecraft:salmon":19,"minecraft:iron_golem":1,"minecraft:skeleton":1,"minecraft:sheep":16,"minecraft:cow":4}},"DataVersion":3953}