{"stats":{"minecraft:broken":{"minecraft:wooden_pickaxe":1,"minecraft:stone_pickaxe":12,"minecraft:stone_axe":1,"minecraft:wooden_axe":1,"minecraft:stone_shovel":6},"minecraft:crafted":{"minecraft:furnace":1,"minecraft:cooked_mutton":12,"minecraft:stone_pickaxe":2,"minecraft:crafting_table":2,"minecraft:spruce_planks":28,"minecraft:jungle_boat":1,"minecraft:wooden_pickaxe":1,"minecraft:bucket":1,"minecraft:stone_axe":2,"minecraft:air":0,"minecraft:jungle_planks":48,"minecraft:shield":1,"minecraft:stick":88,"minecraft:iron_ingot":3,"minecraft:wooden_axe":1,"minecraft:white_bed":2,"minecraft:torch":36},"minecraft:dropped":{"minecraft:wheat_seeds":34,"minecraft:crafting_table":1,"minecraft:apple":2,"minecraft:jungle_planks":3,"minecraft:stick":3,"minecraft:dirt":322,"minecraft:cornflower":2,"minecraft:dandelion":1,"minecraft:compass":1,"minecraft:iron_nugget":1,"minecraft:coarse_dirt":1,"minecraft:stone_shovel":2,"minecraft:clay_ball":20,"minecraft:cooked_mutton":5,"minecraft:white_bed":2,"minecraft:rabbit_hide":1,"minecraft:yellow_bed":1,"minecraft:stone_pickaxe":3,"minecraft:wooden_pickaxe":1},"minecraft:mined":{"minecraft:white_bed":3,"minecraft:cherry_log":10,"minecraft:cherry_sapling":1,"minecraft:jungle_leaves":76,"minecraft:acacia_log":1,"minecraft:grass_block":422,"minecraft:jungle_log":2,"minecraft:spruce_leaves":11,"minecraft:large_fern":1,"minecraft:hay_block":48,"minecraft:tall_seagrass":7,"minecraft:furnace":1,"minecraft:fire":1,"minecraft:bell":2,"minecraft:vine":2,"minecraft:bamboo":1,"minecraft:stone":1440,"minecraft:orange_bed":4,"minecraft:podzol":2,"minecraft:glass_pane":1,"minecraft:red_bed":1,"minecraft:melon_stem":1,"minecraft:dandelion":1,"minecraft:cornflower":1,"minecraft:clay":5,"minecraft:crafting_table":4,"minecraft:short_grass":246,"minecraft:melon":5,"minecraft:copper_ore":5,"minecraft:tall_grass":34,"minecraft:cobblestone":3,"minecraft:grindstone":1,"minecraft:sugar_cane":59,"minecraft:pink_petals":1,"minecraft:seagrass":5,"minecraft:birch_log":21,"minecraft:wheat":14,"minecraft:sweet_berry_bush":19,"minecraft:spruce_log":69,"minecraft:yellow_bed":1,"minecraft:coal_ore":33,"minecraft:dark_oak_sapling":1,"minecraft:cherry_leaves":5,"minecraft:acacia_fence":1,"minecraft:dirt":438,"minecraft:oak_leaves":1,"minecraft:fern":2},"minecraft:picked_up":{"minecraft:coarse_dirt":1,"minecraft:crafting_table":5,"minecraft:clay_ball":20,"minecraft:wooden_pickaxe":1,"minecraft:shield":1,"minecraft:cornflower":2,"minecraft:red_bed":1,"minecraft:raw_copper":75,"minecraft:cooked_salmon":3,"minecraft:compass":1,"minecraft:spruce_planks":2,"minecraft:beef":19,"minecraft:jungle_sapling":2,"minecraft:poppy":2,"minecraft:melon_slice":24,"minecraft:sugar_cane":88,"minecraft:furnace":2,"minecraft:dark_oak_sapling":1,"minecraft:stick":5,"minecraft:torch":4,"minecraft:porkchop":16,"minecraft:cherry_log":10,"minecraft:orange_bed":6,"minecraft:arrow":1,"minecraft:stone_shovel":9,"minecraft:hay_block":83,"minecraft:gold_ingot":6,"minecraft:mutton":31,"minecraft:white_wool":18,"minecraft:cobblestone":1394,"minecraft:birch_log":21,"minecraft:jungle_boat":4,"minecraft:water_bucket":1,"minecraft:jungle_log":2,"minecraft:salmon":18,"minecraft:leather":4,"minecraft:yellow_bed":1,"minecraft:dirt":839,"minecraft:bone":1,"minecraft:apple":4,"minecraft:bow":1,"minecraft:wheat_seeds":52,"minecraft:bell":2,"minecraft:rabbit_hide":1,"minecraft:stone_pickaxe":14,"minecraft:grindstone":1,"minecraft:iron_ingot":5,"minecraft:bamboo":2,"minecraft:cooked_porkchop":2,"minecraft:sweet_berries":27,"minecraft:dandelion":1,"minecraft:spruce_sapling":5,"minecraft:white_bed":4,"minecraft:spruce_log":88,"minecraft:stone_axe":1,"minecraft:cherry_sapling":3,"minecraft:gray_wool":1,"minecraft:bread":2,"minecraft:black_wool":1,"minecraft:netherrack":3,"minecraft:coal":78},"minecraft:killed":{"minecraft:skeleton":1,"minecraft:pig":9,"minecraft:salmon":19,"minecraft:iron_golem":1,"minecraft:sheep":16,"minecraft:zombie":1,"minecraft:cow":4},"minecraft:custom":{"minecraft:mob_kills":51,"minecraft:animals_bred":1,"minecraft:interact_with_crafting_table":11,"minecraft:open_barrel":1,"minecraft:bell_ring":10,"minecraft:leave_game":3,"minecraft:time_since_death":168423,"minecraft:climb_one_cm":1989,"minecraft:sprint_one_cm":258171,"minecraft:walk_one_cm":427728,"minecraft:drop":72,"minecraft:talked_to_villager":1,"minecraft:play_time":168423,"minecraft:sneak_time":9876,"minecraft:walk_under_water_one_cm":51489,"minecraft:boat_one_cm":278295,"minecraft:jump":2612,"minecraft:walk_on_water_one_cm":25494,"minecraft:total_world_time":168423,"minecraft:interact_with_furnace":13,"minecraft:sleep_in_bed":17,"minecraft:time_since_rest":12071,"minecraft:damage_taken":748,"minecraft:damage_dealt":4729,"minecraft:swim_one_cm":50419,"minecraft:fly_one_cm":437935,"minecraft:player_kills":1,"minecraft:open_chest":49,"minecraft:crouch_one_cm":28713,"minecraft:fall_one_cm":57110},"minecraft:used":{"minecraft:cherry_sapling":2,"minecraft:stone_shovel":847,"minecraft:bell":2,"minecraft:orange_bed":6,"minecraft:torch":36,"minecraft:dirt":404,"minecraft:acacia_sapling":1,"minecraft:jungle_sapling":1,"minecraft:wooden_axe":59,"minecraft:lava_bucket":2,"minecraft:birch_sapling":1,"minecraft:bamboo":6,"minecraft:bow":1,"minecraft:hay_block":4,"minecraft:sweet_berries":27,"minecraft:furnace":1,"minecraft:dark_oak_sapling":2,"minecraft:cooked_mutton":7,"minecraft:water_bucket":9,"minecraft:stone_pickaxe":1500,"minecraft:wooden_pickaxe":71,"minecraft:sugar_cane":107,"minecraft:jungle_boat":5,"minecraft:red_bed":1,"minecraft:crafting_table":5,"minecraft:white_bed":4,"minecraft:black_wool":1,"minecraft:melon_slice":23,"minecraft:bread":4,"minecraft:spruce_sapling":5,"minecraft:golden_helmet":1,"minecraft:stone_axe":95,"minecraft:cobblestone":111,"minecraft:bucket":12,"minecraft:gray_wool":1}},"DataVersion":3953}