{"stats":{"minecraft:broken":{"minecraft:wooden_pickaxe":1,"minecraft:stone_pickaxe":35,"minecraft:stone_axe":1,"minecraft:wooden_axe":1,"minecraft:stone_shovel":30},"minecraft:mined":{"minecraft:spruce_planks":1,"minecraft:white_bed":3,"minecraft:cherry_log":10,"minecraft:cherry_sapling":1,"minecraft:jungle_leaves":76,"minecraft:acacia_log":1,"minecraft:grass_block":1960,"minecraft:jungle_log":2,"minecraft:spruce_leaves":11,"minecraft:large_fern":1,"minecraft:hay_block":48,"minecraft:tall_seagrass":7,"minecraft:furnace":1,"minecraft:iron_ore":2,"minecraft:fire":1,"minecraft:bell":2,"minecraft:vine":2,"minecraft:dirt_path":8,"minecraft:bamboo_sapling":1,"minecraft:bamboo":8,"minecraft:stone":4306,"minecraft:orange_bed":4,"minecraft:podzol":2,"minecraft:glass_pane":1,"minecraft:red_bed":2,"minecraft:melon_stem":1,"minecraft:dandelion":1,"minecraft:spruce_door":1,"minecraft:clay":5,"minecraft:crafting_table":4,"minecraft:cornflower":1,"minecraft:short_grass":270,"minecraft:melon":5,"minecraft:tall_grass":39,"minecraft:copper_ore":24,"minecraft:cobblestone":3,"minecraft:grindstone":1,"minecraft:sugar_cane":68,"minecraft:pink_petals":1,"minecraft:seagrass":5,"minecraft:birch_log":21,"minecraft:wheat":14,"minecraft:sweet_berry_bush":19,"minecraft:spruce_log":69,"minecraft:yellow_bed":1,"minecraft:coal_ore":34,"minecraft:cherry_leaves":5,"minecraft:dark_oak_sapling":1,"minecraft:acacia_fence":1,"minecraft:sunflower":12,"minecraft:gravel":41,"minecraft:sand":7,"minecraft:dirt":2275,"minecraft:stone_bricks":6,"minecraft:oak_leaves":1,"minecraft:fern":2},"minecraft:killed_by":{"minecraft:player":2},"minecraft:custom":{"minecraft:mob_kills":57,"minecraft:animals_bred":1,"minecraft:inspect_hopper":6,"minecraft:interact_with_crafting_table":24,"minecraft:open_barrel":1,"minecraft:bell_ring":63,"minecraft:leave_game":7,"minecraft:time_since_death":65531,"minecraft:climb_one_cm":1989,"minecraft:sprint_one_cm":389136,"minecraft:walk_one_cm":956964,"minecraft:damage_blocked_by_shield":60,"minecraft:drop":108,"minecraft:talked_to_villager":1,"minecraft:play_time":361476,"minecraft:sneak_time":28932,"minecraft:deaths":2,"minecraft:walk_under_water_one_cm":59475,"minecraft:boat_one_cm":278295,"minecraft:jump":3525,"minecraft:interact_with_blast_furnace":2,"minecraft:walk_on_water_one_cm":34595,"minecraft:total_world_time":361476,"minecraft:interact_with_furnace":55,"minecraft:interact_with_stonecutter":2,"minecraft:sleep_in_bed":25,"minecraft:time_since_rest":30724,"minecraft:damage_taken":1767,"minecraft:damage_dealt":6312,"minecraft:swim_one_cm":63265,"minecraft:fly_one_cm":582768,"minecraft:player_kills":1,"minecraft:open_chest":136,"minecraft:crouch_one_cm":88510,"minecraft:interact_with_smoker":1,"minecraft:fall_one_cm":76104},"minecraft:used":{"minecraft:cherry_sapling":2,"minecraft:stone_shovel":3987,"minecraft:chest":2,"minecraft:spruce_planks":1,"minecraft:shield":2,"minecraft:bell":2,"minecraft:orange_bed":6,"minecraft:torch":45,"minecraft:dirt":421,"minecraft:acacia_sapling":1,"minecraft:jungle_sapling":1,"minecraft:wooden_axe":59,"minecraft:lava_bucket":2,"minecraft:birch_sapling":1,"minecraft:stone_bricks":192,"minecraft:bamboo":15,"minecraft:bow":1,"minecraft:hay_block":4,"minecraft:sweet_berries":27,"minecraft:dark_oak_pressure_plate":2,"minecraft:furnace":2,"minecraft:dark_oak_sapling":3,"minecraft:cooked_mutton":7,"minecraft:water_bucket":21,"minecraft:spruce_door":3,"minecraft:stone_pickaxe":4623,"minecraft:wooden_pickaxe":71,"minecraft:sugar_cane":107,"minecraft:jungle_boat":5,"minecraft:red_bed":2,"minecraft:crafting_table":5,"minecraft:white_bed":4,"minecraft:black_wool":1,"minecraft:sunflower":1,"minecraft:bread":16,"minecraft:melon_slice":28,"minecraft:spruce_sapling":5,"minecraft:golden_helmet":1,"minecraft:stone_axe":120,"minecraft:cobblestone":119,"minecraft:bucket":24,"minecraft:gray_wool":1},"minecraft:crafted":{"minecraft:stone_shovel":24,"minecraft:dark_oak_pressure_plate":2,"minecraft:furnace":1,"minecraft:stone":47,"minecraft:cooked_mutton":12,"minecraft:stone_pickaxe":16,"minecraft:chest":2,"minecraft:crafting_table":2,"minecraft:spruce_planks":28,"minecraft:jungle_boat":1,"minecraft:wooden_pickaxe":1,"minecraft:bucket":1,"minecraft:stone_axe":2,"minecraft:air":0,"minecraft:jungle_planks":48,"minecraft:shield":1,"minecraft:stick":157,"minecraft:iron_ingot":10,"minecraft:wooden_axe":1,"minecraft:white_bed":2,"minecraft:torch":36},"minecraft:dropped":{"minecraft:water_bucket":1,"minecraft:wheat_seeds":50,"minecraft:crafting_table":1,"minecraft:cooked_porkchop":2,"minecraft:cobblestone":1,"minecraft:apple":2,"minecraft:jungle_planks":3,"minecraft:coal":11,"minecraft:stick":3,"minecraft:flint":5,"minecraft:dirt":324,"minecraft:cornflower":2,"minecraft:sunflower":23,"minecraft:sand":6,"minecraft:string":2,"minecraft:dandelion":1,"minecraft:sugar_cane":3,"minecraft:compass":1,"minecraft:iron_nugget":1,"minecraft:coarse_dirt":1,"minecraft:raw_copper":40,"minecraft:stone_shovel":2,"minecraft:clay_ball":20,"minecraft:cooked_mutton":5,"minecraft:white_bed":2,"minecraft:rabbit_hide":1,"minecraft:yellow_bed":1,"minecraft:stone_bricks":69,"minecraft:wooden_pickaxe":1,"minecraft:stone_pickaxe":6},"minecraft:picked_up":{"minecraft:crafting_table":5,"minecraft:coarse_dirt":1,"minecraft:clay_ball":20,"minecraft:lead":4,"minecraft:wooden_pickaxe":1,"minecraft:shield":1,"minecraft:cornflower":2,"minecraft:string":4,"minecraft:red_bed":2,"minecraft:raw_copper":165,"minecraft:cooked_salmon":3,"minecraft:compass":1,"minecraft:spruce_planks":3,"minecraft:beef":19,"minecraft:jungle_sapling":2,"minecraft:poppy":2,"minecraft:melon_slice":37,"minecraft:sugar_cane":91,"minecraft:furnace":2,"minecraft:iron_boots":1,"minecraft:dark_oak_sapling":2,"minecraft:golden_helmet":1,"minecraft:stick":82,"minecraft:torch":23,"minecraft:porkchop":16,"minecraft:cherry_log":10,"minecraft:orange_bed":6,"minecraft:stone_shovel":9,"minecraft:arrow":5,"minecraft:hay_block":83,"minecraft:gold_ingot":6,"minecraft:mutton":31,"minecraft:white_wool":18,"minecraft:cobblestone":4136,"minecraft:birch_log":21,"minecraft:jungle_boat":4,"minecraft:salmon":18,"minecraft:water_bucket":2,"minecraft:jungle_log":2,"minecraft:leather":6,"minecraft:filled_map":3,"minecraft:flint":5,"minecraft:yellow_bed":1,"minecraft:dirt":3868,"minecraft:bone":1,"minecraft:apple":4,"minecraft:stone_bricks":10,"minecraft:bow":1,"minecraft:wheat_seeds":75,"minecraft:stone_pickaxe":29,"minecraft:rabbit_hide":1,"minecraft:bell":2,"minecraft:grindstone":1,"minecraft:iron_ingot":12,"minecraft:bamboo":85,"minecraft:cooked_porkchop":2,"minecraft:sweet_berries":27,"minecraft:dandelion":1,"minecraft:gravel":36,"minecraft:sand":11,"minecraft:spruce_sapling":5,"minecraft:white_bed":4,"minecraft:spruce_log":88,"minecraft:spruce_door":1,"minecraft:stone_axe":3,"minecraft:cherry_sapling":3,"minecraft:gray_wool":1,"minecraft:bread":18,"minecraft:netherrack":3,"minecraft:black_wool":1,"minecraft:coal":79,"minecraft:sunflower":30},"minecraft:killed":{"minecraft:spider":1,"minecraft:skeleton":2,"minecraft:drowned":1,"minecraft:pig":9,"minecraft:salmon":19,"minecraft:iron_golem":1,"minecraft:wandering_trader":1,"minecraft:sheep":16,"minecraft:trader_llama":2,"minecraft:zombie":1,"minecraft:cow":4}},"DataVersion":3953}