{"stats":{"minecraft:broken":{"minecraft:wooden_axe":1},"minecraft:mined":{"minecraft:large_fern":1,"minecraft:podzol":2,"minecraft:white_bed":1,"minecraft:sweet_berry_bush":2,"minecraft:spruce_log":69,"minecraft:clay":5,"minecraft:crafting_table":2,"minecraft:coal_ore":22,"minecraft:dirt":12,"minecraft:spruce_leaves":4,"minecraft:stone":77,"minecraft:sugar_cane":3,"minecraft:fern":2},"minecraft:used":{"minecraft:wooden_axe":59,"minecraft:stone_pickaxe":82,"minecraft:wooden_pickaxe":29,"minecraft:spruce_sapling":4,"minecraft:stone_axe":9,"minecraft:dirt":7,"minecraft:bow":1,"minecraft:sweet_berries":6,"minecraft:crafting_table":3,"minecraft:white_bed":1},"minecraft:custom":{"minecraft:time_since_rest":3859,"minecraft:sprint_one_cm":22855,"minecraft:damage_taken":185,"minecraft:walk_one_cm":55109,"minecraft:mob_kills":8,"minecraft:drop":21,"minecraft:damage_dealt":560,"minecraft:interact_with_crafting_table":4,"minecraft:fly_one_cm":19665,"minecraft:crouch_one_cm":2354,"minecraft:play_time":17644,"minecraft:sneak_time":1320,"minecraft:walk_under_water_one_cm":2021,"minecraft:jump":384,"minecraft:walk_on_water_one_cm":1375,"minecraft:time_since_death":17644,"minecraft:sleep_in_bed":1,"minecraft:total_world_time":17644,"minecraft:fall_one_cm":3930},"minecraft:crafted":{"minecraft:crafting_table":2,"minecraft:spruce_planks":28,"minecraft:stick":8,"minecraft:wooden_pickaxe":1,"minecraft:stone_pickaxe":1,"minecraft:wooden_axe":1,"minecraft:white_bed":1,"minecraft:stone_axe":1},"minecraft:dropped":{"minecraft:coarse_dirt":1,"minecraft:clay_ball":20},"minecraft:picked_up":{"minecraft:stick":1,"minecraft:crafting_table":2,"minecraft:coarse_dirt":1,"minecraft:clay_ball":20,"minecraft:sweet_berries":6,"minecraft:salmon":3,"minecraft:spruce_sapling":4,"minecraft:white_bed":1,"minecraft:spruce_log":88,"minecraft:dirt":14,"minecraft:arrow":1,"minecraft:bone":1,"minecraft:bow":1,"minecraft:gray_wool":1,"minecraft:black_wool":1,"minecraft:sugar_cane":9,"minecraft:mutton":12,"minecraft:coal":22,"minecraft:white_wool":6,"minecraft:cobblestone":77},"minecraft:killed":{"minecraft:sheep":4,"minecraft:skeleton":1,"minecraft:salmon":3}},"DataVersion":3953}