{"stats":{"minecraft:mined":{"minecraft:podzol":2,"minecraft:white_bed":3,"minecraft:glass_pane":1,"minecraft:melon_stem":1,"minecraft:cherry_log":10,"minecraft:jungle_leaves":76,"minecraft:clay":5,"minecraft:crafting_table":4,"minecraft:cornflower":1,"minecraft:short_grass":55,"minecraft:acacia_log":1,"minecraft:grass_block":2,"minecraft:melon":5,"minecraft:jungle_log":2,"minecraft:tall_grass":10,"minecraft:spruce_leaves":11,"minecraft:grindstone":1,"minecraft:sugar_cane":6,"minecraft:pink_petals":1,"minecraft:large_fern":1,"minecraft:hay_block":48,"minecraft:furnace":1,"minecraft:birch_log":21,"minecraft:wheat":14,"minecraft:sweet_berry_bush":18,"minecraft:spruce_log":69,"minecraft:bell":1,"minecraft:coal_ore":22,"minecraft:vine":2,"minecraft:cherry_leaves":5,"minecraft:acacia_fence":1,"minecraft:dirt":14,"minecraft:bamboo":1,"minecraft:stone":77,"minecraft:orange_bed":2,"minecraft:oak_leaves":1,"minecraft:fern":2},"minecraft:broken":{"minecraft:stone_pickaxe":1,"minecraft:stone_axe":1,"minecraft:wooden_axe":1,"minecraft:wooden_pickaxe":1},"minecraft:custom":{"minecraft:interact_with_furnace":7,"minecraft:mob_kills":50,"minecraft:animals_bred":1,"minecraft:interact_with_crafting_table":7,"minecraft:open_barrel":1,"minecraft:time_since_death":59644,"minecraft:sleep_in_bed":4,"minecraft:climb_one_cm":1989,"minecraft:time_since_rest":6893,"minecraft:sprint_one_cm":115506,"minecraft:damage_taken":355,"minecraft:walk_one_cm":169936,"minecraft:drop":34,"minecraft:damage_dealt":4358,"minecraft:talked_to_villager":1,"minecraft:swim_one_cm":32451,"minecraft:fly_one_cm":190405,"minecraft:open_chest":1,"minecraft:crouch_one_cm":7504,"minecraft:play_time":59644,"minecraft:sneak_time":3804,"minecraft:walk_under_water_one_cm":20482,"minecraft:boat_one_cm":15047,"minecraft:jump":1538,"minecraft:walk_on_water_one_cm":11177,"minecraft:total_world_time":59644,"minecraft:fall_one_cm":35146},"minecraft:used":{"minecraft:cooked_mutton":5,"minecraft:stone_pickaxe":112,"minecraft:wooden_pickaxe":70,"minecraft:jungle_boat":1,"minecraft:orange_bed":1,"minecraft:dirt":16,"minecraft:crafting_table":5,"minecraft:white_bed":4,"minecraft:wooden_axe":59,"minecraft:spruce_sapling":4,"minecraft:stone_axe":90,"minecraft:bow":1,"minecraft:hay_block":4,"minecraft:sweet_berries":27,"minecraft:furnace":1},"minecraft:crafted":{"minecraft:crafting_table":2,"minecraft:spruce_planks":28,"minecraft:jungle_boat":1,"minecraft:wooden_pickaxe":1,"minecraft:furnace":1,"minecraft:stone_axe":1,"minecraft:cooked_mutton":12,"minecraft:air":0,"minecraft:jungle_planks":8,"minecraft:stick":8,"minecraft:stone_pickaxe":1,"minecraft:wooden_axe":1,"minecraft:white_bed":2},"minecraft:dropped":{"minecraft:wheat_seeds":16,"minecraft:coarse_dirt":1,"minecraft:crafting_table":1,"minecraft:clay_ball":20,"minecraft:cooked_mutton":5,"minecraft:white_bed":1,"minecraft:rabbit_hide":1,"minecraft:dirt":2,"minecraft:cornflower":2},"minecraft:picked_up":{"minecraft:birch_log":21,"minecraft:coarse_dirt":1,"minecraft:crafting_table":4,"minecraft:jungle_boat":1,"minecraft:clay_ball":20,"minecraft:jungle_log":2,"minecraft:salmon":18,"minecraft:leather":4,"minecraft:wooden_pickaxe":1,"minecraft:cornflower":2,"minecraft:dirt":18,"minecraft:cooked_salmon":3,"minecraft:bone":1,"minecraft:bow":1,"minecraft:wheat_seeds":32,"minecraft:bell":1,"minecraft:rabbit_hide":1,"minecraft:iron_ingot":4,"minecraft:grindstone":1,"minecraft:beef":8,"minecraft:poppy":2,"minecraft:jungle_sapling":2,"minecraft:bamboo":2,"minecraft:melon_slice":24,"minecraft:sugar_cane":15,"minecraft:furnace":1,"minecraft:stick":2,"minecraft:sweet_berries":27,"minecraft:porkchop":16,"minecraft:cherry_log":10,"minecraft:spruce_sapling":5,"minecraft:white_bed":3,"minecraft:spruce_log":88,"minecraft:orange_bed":2,"minecraft:arrow":1,"minecraft:hay_block":49,"minecraft:cherry_sapling":2,"minecraft:gray_wool":1,"minecraft:black_wool":1,"minecraft:mutton":31,"minecraft:coal":42,"minecraft:white_wool":18,"minecraft:cobblestone":77},"minecraft:killed":{"minecraft:pig":9,"minecraft:salmon":19,"minecraft:iron_golem":1,"minecraft:sheep":16,"minecraft:skeleton":1,"minecraft:cow":4}},"DataVersion":3953}