{"stats":{"minecraft:broken":{"minecraft:wooden_pickaxe":1,"minecraft:stone_pickaxe":3,"minecraft:stone_axe":1,"minecraft:wooden_axe":1},"minecraft:crafted":{"minecraft:furnace":1,"minecraft:cooked_mutton":12,"minecraft:stone_pickaxe":2,"minecraft:crafting_table":2,"minecraft:spruce_planks":28,"minecraft:jungle_boat":1,"minecraft:wooden_pickaxe":1,"minecraft:bucket":1,"minecraft:stone_axe":2,"minecraft:air":0,"minecraft:jungle_planks":48,"minecraft:shield":1,"minecraft:stick":88,"minecraft:iron_ingot":3,"minecraft:wooden_axe":1,"minecraft:white_bed":2},"minecraft:dropped":{"minecraft:wheat_seeds":34,"minecraft:crafting_table":1,"minecraft:jungle_planks":3,"minecraft:dirt":2,"minecraft:cornflower":2,"minecraft:dandelion":1,"minecraft:compass":1,"minecraft:iron_nugget":1,"minecraft:coarse_dirt":1,"minecraft:clay_ball":20,"minecraft:cooked_mutton":5,"minecraft:white_bed":2,"minecraft:rabbit_hide":1,"minecraft:yellow_bed":1,"minecraft:wooden_pickaxe":1},"minecraft:mined":{"minecraft:white_bed":3,"minecraft:cherry_log":10,"minecraft:cherry_sapling":1,"minecraft:jungle_leaves":76,"minecraft:acacia_log":1,"minecraft:grass_block":2,"minecraft:jungle_log":2,"minecraft:spruce_leaves":11,"minecraft:large_fern":1,"minecraft:hay_block":48,"minecraft:tall_seagrass":7,"minecraft:furnace":1,"minecraft:fire":1,"minecraft:bell":2,"minecraft:vine":2,"minecraft:bamboo":1,"minecraft:stone":360,"minecraft:orange_bed":4,"minecraft:podzol":2,"minecraft:glass_pane":1,"minecraft:melon_stem":1,"minecraft:dandelion":1,"minecraft:cornflower":1,"minecraft:clay":5,"minecraft:crafting_table":4,"minecraft:short_grass":207,"minecraft:melon":5,"minecraft:tall_grass":31,"minecraft:grindstone":1,"minecraft:sugar_cane":8,"minecraft:pink_petals":1,"minecraft:seagrass":5,"minecraft:birch_log":21,"minecraft:wheat":14,"minecraft:sweet_berry_bush":19,"minecraft:spruce_log":69,"minecraft:yellow_bed":1,"minecraft:coal_ore":23,"minecraft:cherry_leaves":5,"minecraft:acacia_fence":1,"minecraft:dirt":14,"minecraft:oak_leaves":1,"minecraft:fern":2},"minecraft:picked_up":{"minecraft:coarse_dirt":1,"minecraft:crafting_table":4,"minecraft:clay_ball":20,"minecraft:wooden_pickaxe":1,"minecraft:cornflower":2,"minecraft:cooked_salmon":3,"minecraft:compass":1,"minecraft:spruce_planks":2,"minecraft:beef":8,"minecraft:jungle_sapling":2,"minecraft:poppy":2,"minecraft:melon_slice":24,"minecraft:sugar_cane":17,"minecraft:furnace":1,"minecraft:stick":2,"minecraft:porkchop":16,"minecraft:cherry_log":10,"minecraft:orange_bed":4,"minecraft:arrow":1,"minecraft:hay_block":49,"minecraft:mutton":31,"minecraft:white_wool":18,"minecraft:cobblestone":352,"minecraft:birch_log":21,"minecraft:jungle_boat":4,"minecraft:jungle_log":2,"minecraft:salmon":18,"minecraft:leather":4,"minecraft:yellow_bed":1,"minecraft:dirt":18,"minecraft:bone":1,"minecraft:bow":1,"minecraft:wheat_seeds":45,"minecraft:rabbit_hide":1,"minecraft:bell":2,"minecraft:grindstone":1,"minecraft:iron_ingot":4,"minecraft:stone_pickaxe":4,"minecraft:bamboo":2,"minecraft:sweet_berries":27,"minecraft:dandelion":1,"minecraft:spruce_sapling":5,"minecraft:white_bed":4,"minecraft:spruce_log":88,"minecraft:cherry_sapling":3,"minecraft:gray_wool":1,"minecraft:black_wool":1,"minecraft:netherrack":3,"minecraft:coal":43},"minecraft:killed":{"minecraft:skeleton":1,"minecraft:pig":9,"minecraft:salmon":19,"minecraft:iron_golem":1,"minecraft:sheep":16,"minecraft:zombie":1,"minecraft:cow":4},"minecraft:custom":{"minecraft:mob_kills":51,"minecraft:animals_bred":1,"minecraft:interact_with_crafting_table":11,"minecraft:open_barrel":1,"minecraft:bell_ring":10,"minecraft:leave_game":2,"minecraft:time_since_death":102596,"minecraft:climb_one_cm":1989,"minecraft:sprint_one_cm":185087,"minecraft:walk_one_cm":250392,"minecraft:drop":59,"minecraft:talked_to_villager":1,"minecraft:play_time":102596,"minecraft:sneak_time":4610,"minecraft:walk_under_water_one_cm":39907,"minecraft:boat_one_cm":278295,"minecraft:jump":2194,"minecraft:walk_on_water_one_cm":14558,"minecraft:total_world_time":102596,"minecraft:interact_with_furnace":12,"minecraft:sleep_in_bed":9,"minecraft:time_since_rest":8153,"minecraft:damage_taken":706,"minecraft:damage_dealt":4496,"minecraft:swim_one_cm":46476,"minecraft:fly_one_cm":351494,"minecraft:open_chest":24,"minecraft:crouch_one_cm":8979,"minecraft:fall_one_cm":53602},"minecraft:used":{"minecraft:cherry_sapling":2,"minecraft:bell":2,"minecraft:orange_bed":4,"minecraft:dirt":16,"minecraft:acacia_sapling":1,"minecraft:jungle_sapling":1,"minecraft:wooden_axe":59,"minecraft:lava_bucket":2,"minecraft:birch_sapling":1,"minecraft:bamboo":6,"minecraft:bow":1,"minecraft:hay_block":4,"minecraft:sweet_berries":27,"minecraft:furnace":1,"minecraft:dark_oak_sapling":1,"minecraft:cooked_mutton":7,"minecraft:water_bucket":9,"minecraft:stone_pickaxe":397,"minecraft:wooden_pickaxe":71,"minecraft:sugar_cane":36,"minecraft:jungle_boat":5,"minecraft:crafting_table":5,"minecraft:white_bed":4,"minecraft:black_wool":1,"minecraft:bread":4,"minecraft:melon_slice":9,"minecraft:spruce_sapling":5,"minecraft:golden_helmet":1,"minecraft:stone_axe":90,"minecraft:cobblestone":27,"minecraft:bucket":12,"minecraft:gray_wool":1}},"DataVersion":3953}