{"stats":{"minecraft:broken":{"minecraft:stone_axe":1,"minecraft:wooden_axe":1},"minecraft:mined":{"minecraft:podzol":2,"minecraft:white_bed":3,"minecraft:cherry_log":10,"minecraft:jungle_leaves":76,"minecraft:clay":5,"minecraft:crafting_table":3,"minecraft:cornflower":1,"minecraft:short_grass":2,"minecraft:grass_block":2,"minecraft:jungle_log":2,"minecraft:tall_grass":1,"minecraft:spruce_leaves":11,"minecraft:sugar_cane":3,"minecraft:pink_petals":1,"minecraft:large_fern":1,"minecraft:furnace":1,"minecraft:birch_log":21,"minecraft:sweet_berry_bush":18,"minecraft:spruce_log":69,"minecraft:coal_ore":22,"minecraft:vine":2,"minecraft:cherry_leaves":5,"minecraft:dirt":14,"minecraft:stone":77,"minecraft:fern":2},"minecraft:custom":{"minecraft:interact_with_furnace":7,"minecraft:mob_kills":35,"minecraft:interact_with_crafting_table":6,"minecraft:time_since_death":41644,"minecraft:sleep_in_bed":3,"minecraft:climb_one_cm":1580,"minecraft:time_since_rest":1827,"minecraft:sprint_one_cm":72942,"minecraft:damage_taken":285,"minecraft:walk_one_cm":111233,"minecraft:drop":27,"minecraft:damage_dealt":2880,"minecraft:swim_one_cm":6129,"minecraft:fly_one_cm":106945,"minecraft:crouch_one_cm":3312,"minecraft:play_time":41644,"minecraft:sneak_time":1833,"minecraft:walk_under_water_one_cm":4411,"minecraft:jump":1069,"minecraft:walk_on_water_one_cm":3256,"minecraft:total_world_time":41644,"minecraft:fall_one_cm":20002},"minecraft:used":{"minecraft:cooked_mutton":2,"minecraft:stone_pickaxe":83,"minecraft:wooden_pickaxe":29,"minecraft:dirt":16,"minecraft:crafting_table":4,"minecraft:white_bed":3,"minecraft:wooden_axe":59,"minecraft:spruce_sapling":4,"minecraft:stone_axe":90,"minecraft:bow":1,"minecraft:sweet_berries":27,"minecraft:furnace":1},"minecraft:crafted":{"minecraft:crafting_table":2,"minecraft:spruce_planks":28,"minecraft:wooden_pickaxe":1,"minecraft:furnace":1,"minecraft:stone_axe":1,"minecraft:cooked_mutton":12,"minecraft:air":0,"minecraft:stick":8,"minecraft:stone_pickaxe":1,"minecraft:wooden_axe":1,"minecraft:white_bed":2},"minecraft:dropped":{"minecraft:coarse_dirt":1,"minecraft:clay_ball":20,"minecraft:cooked_mutton":5,"minecraft:white_bed":1},"minecraft:picked_up":{"minecraft:birch_log":21,"minecraft:coarse_dirt":1,"minecraft:crafting_table":3,"minecraft:clay_ball":20,"minecraft:jungle_log":2,"minecraft:salmon":5,"minecraft:leather":4,"minecraft:cornflower":1,"minecraft:dirt":18,"minecraft:cooked_salmon":3,"minecraft:bone":1,"minecraft:bow":1,"minecraft:wheat_seeds":1,"minecraft:beef":8,"minecraft:jungle_sapling":2,"minecraft:sugar_cane":9,"minecraft:furnace":1,"minecraft:stick":2,"minecraft:sweet_berries":27,"minecraft:porkchop":16,"minecraft:cherry_log":10,"minecraft:spruce_sapling":5,"minecraft:white_bed":3,"minecraft:spruce_log":88,"minecraft:arrow":1,"minecraft:cherry_sapling":2,"minecraft:gray_wool":1,"minecraft:black_wool":1,"minecraft:mutton":31,"minecraft:coal":42,"minecraft:white_wool":18,"minecraft:cobblestone":77},"minecraft:killed":{"minecraft:pig":9,"minecraft:salmon":5,"minecraft:sheep":16,"minecraft:skeleton":1,"minecraft:cow":4}},"DataVersion":3953}