{"stats":{"minecraft:broken":{"minecraft:stone_pickaxe":1,"minecraft:stone_axe":1,"minecraft:wooden_axe":1,"minecraft:wooden_pickaxe":1},"minecraft:mined":{"minecraft:podzol":2,"minecraft:white_bed":3,"minecraft:glass_pane":1,"minecraft:melon_stem":1,"minecraft:cherry_log":10,"minecraft:jungle_leaves":76,"minecraft:clay":5,"minecraft:crafting_table":4,"minecraft:cornflower":1,"minecraft:short_grass":77,"minecraft:acacia_log":1,"minecraft:melon":5,"minecraft:grass_block":2,"minecraft:jungle_log":2,"minecraft:tall_grass":23,"minecraft:spruce_leaves":11,"minecraft:grindstone":1,"minecraft:sugar_cane":6,"minecraft:seagrass":5,"minecraft:tall_seagrass":7,"minecraft:pink_petals":1,"minecraft:large_fern":1,"minecraft:hay_block":48,"minecraft:furnace":1,"minecraft:birch_log":21,"minecraft:fire":1,"minecraft:wheat":14,"minecraft:sweet_berry_bush":19,"minecraft:spruce_log":69,"minecraft:yellow_bed":1,"minecraft:bell":2,"minecraft:coal_ore":22,"minecraft:vine":2,"minecraft:cherry_leaves":5,"minecraft:acacia_fence":1,"minecraft:dirt":14,"minecraft:bamboo":1,"minecraft:stone":77,"minecraft:oak_leaves":1,"minecraft:orange_bed":4,"minecraft:fern":2},"minecraft:custom":{"minecraft:interact_with_furnace":8,"minecraft:mob_kills":51,"minecraft:animals_bred":1,"minecraft:interact_with_crafting_table":9,"minecraft:open_barrel":1,"minecraft:bell_ring":6,"minecraft:leave_game":2,"minecraft:time_since_death":86008,"minecraft:sleep_in_bed":6,"minecraft:climb_one_cm":1989,"minecraft:time_since_rest":3104,"minecraft:sprint_one_cm":156529,"minecraft:damage_taken":697,"minecraft:walk_one_cm":207205,"minecraft:drop":58,"minecraft:damage_dealt":4470,"minecraft:swim_one_cm":46476,"minecraft:talked_to_villager":1,"minecraft:fly_one_cm":304845,"minecraft:open_chest":11,"minecraft:crouch_one_cm":7838,"minecraft:play_time":86008,"minecraft:sneak_time":4137,"minecraft:walk_under_water_one_cm":39762,"minecraft:boat_one_cm":278295,"minecraft:jump":1990,"minecraft:walk_on_water_one_cm":14374,"minecraft:total_world_time":86008,"minecraft:fall_one_cm":49933},"minecraft:used":{"minecraft:cooked_mutton":7,"minecraft:water_bucket":9,"minecraft:stone_pickaxe":112,"minecraft:wooden_pickaxe":71,"minecraft:bell":2,"minecraft:jungle_boat":5,"minecraft:orange_bed":4,"minecraft:dirt":16,"minecraft:crafting_table":5,"minecraft:white_bed":4,"minecraft:wooden_axe":59,"minecraft:black_wool":1,"minecraft:lava_bucket":2,"minecraft:bread":2,"minecraft:spruce_sapling":4,"minecraft:golden_helmet":1,"minecraft:stone_axe":90,"minecraft:bow":1,"minecraft:hay_block":4,"minecraft:sweet_berries":27,"minecraft:furnace":1,"minecraft:bucket":12,"minecraft:gray_wool":1},"minecraft:crafted":{"minecraft:crafting_table":2,"minecraft:spruce_planks":28,"minecraft:jungle_boat":1,"minecraft:wooden_pickaxe":1,"minecraft:furnace":1,"minecraft:bucket":1,"minecraft:stone_axe":1,"minecraft:cooked_mutton":12,"minecraft:air":0,"minecraft:jungle_planks":8,"minecraft:shield":1,"minecraft:stick":8,"minecraft:iron_ingot":3,"minecraft:stone_pickaxe":1,"minecraft:wooden_axe":1,"minecraft:white_bed":2},"minecraft:dropped":{"minecraft:compass":1,"minecraft:wheat_seeds":34,"minecraft:iron_nugget":1,"minecraft:coarse_dirt":1,"minecraft:crafting_table":1,"minecraft:clay_ball":20,"minecraft:jungle_planks":3,"minecraft:cooked_mutton":5,"minecraft:white_bed":2,"minecraft:rabbit_hide":1,"minecraft:dirt":2,"minecraft:cornflower":2,"minecraft:yellow_bed":1,"minecraft:wooden_pickaxe":1},"minecraft:picked_up":{"minecraft:birch_log":21,"minecraft:crafting_table":4,"minecraft:coarse_dirt":1,"minecraft:jungle_boat":4,"minecraft:clay_ball":20,"minecraft:salmon":18,"minecraft:jungle_log":2,"minecraft:leather":4,"minecraft:wooden_pickaxe":1,"minecraft:yellow_bed":1,"minecraft:cornflower":2,"minecraft:dirt":18,"minecraft:cooked_salmon":3,"minecraft:compass":1,"minecraft:bone":1,"minecraft:bow":1,"minecraft:wheat_seeds":34,"minecraft:spruce_planks":2,"minecraft:bell":2,"minecraft:rabbit_hide":1,"minecraft:iron_ingot":4,"minecraft:grindstone":1,"minecraft:beef":8,"minecraft:jungle_sapling":2,"minecraft:poppy":2,"minecraft:bamboo":2,"minecraft:melon_slice":24,"minecraft:sugar_cane":15,"minecraft:furnace":1,"minecraft:stick":2,"minecraft:sweet_berries":27,"minecraft:porkchop":16,"minecraft:cherry_log":10,"minecraft:spruce_sapling":5,"minecraft:white_bed":4,"minecraft:spruce_log":88,"minecraft:orange_bed":4,"minecraft:arrow":1,"minecraft:hay_block":49,"minecraft:cherry_sapling":2,"minecraft:gray_wool":1,"minecraft:netherrack":3,"minecraft:black_wool":1,"minecraft:mutton":31,"minecraft:coal":42,"minecraft:white_wool":18,"minecraft:cobblestone":77},"minecraft:killed":{"minecraft:pig":9,"minecraft:salmon":19,"minecraft:iron_golem":1,"minecraft:skeleton":1,"minecraft:sheep":16,"minecraft:zombie":1,"minecraft:cow":4}},"DataVersion":3953}