{"stats":{"minecraft:mined":{"minecraft:spruce_leaves":1,"minecraft:spruce_log":69,"minecraft:crafting_table":1},"minecraft:broken":{"minecraft:wooden_axe":1},"minecraft:used":{"minecraft:wooden_axe":59,"minecraft:crafting_table":1},"minecraft:custom":{"minecraft:time_since_rest":5644,"minecraft:crouch_one_cm":1977,"minecraft:play_time":5644,"minecraft:sprint_one_cm":180,"minecraft:damage_taken":30,"minecraft:walk_one_cm":9970,"minecraft:sneak_time":684,"minecraft:jump":40,"minecraft:time_since_death":5644,"minecraft:total_world_time":5644,"minecraft:fall_one_cm":1085,"minecraft:interact_with_crafting_table":1,"minecraft:fly_one_cm":123},"minecraft:crafted":{"minecraft:crafting_table":1,"minecraft:spruce_planks":28,"minecraft:stick":4,"minecraft:wooden_axe":1},"minecraft:picked_up":{"minecraft:crafting_table":1,"minecraft:spruce_sapling":2,"minecraft:spruce_log":88}},"DataVersion":3953}