{"stats":{"minecraft:broken":{"minecraft:wooden_pickaxe":1,"minecraft:stone_pickaxe":29,"minecraft:stone_axe":1,"minecraft:wooden_axe":1,"minecraft:stone_shovel":8},"minecraft:crafted":{"minecraft:stone_shovel":3,"minecraft:furnace":1,"minecraft:cooked_mutton":12,"minecraft:stone_pickaxe":7,"minecraft:crafting_table":2,"minecraft:spruce_planks":28,"minecraft:jungle_boat":1,"minecraft:wooden_pickaxe":1,"minecraft:bucket":1,"minecraft:stone_axe":2,"minecraft:air":0,"minecraft:jungle_planks":48,"minecraft:shield":1,"minecraft:stick":88,"minecraft:iron_ingot":10,"minecraft:wooden_axe":1,"minecraft:white_bed":2,"minecraft:torch":36},"minecraft:mined":{"minecraft:spruce_planks":1,"minecraft:white_bed":3,"minecraft:cherry_log":10,"minecraft:cherry_sapling":1,"minecraft:jungle_leaves":76,"minecraft:acacia_log":1,"minecraft:grass_block":543,"minecraft:jungle_log":2,"minecraft:spruce_leaves":11,"minecraft:large_fern":1,"minecraft:hay_block":48,"minecraft:tall_seagrass":7,"minecraft:furnace":1,"minecraft:iron_ore":2,"minecraft:fire":1,"minecraft:bell":2,"minecraft:vine":2,"minecraft:bamboo":1,"minecraft:stone":3586,"minecraft:orange_bed":4,"minecraft:podzol":2,"minecraft:glass_pane":1,"minecraft:red_bed":1,"minecraft:melon_stem":1,"minecraft:dandelion":1,"minecraft:clay":5,"minecraft:crafting_table":4,"minecraft:cornflower":1,"minecraft:short_grass":253,"minecraft:melon":5,"minecraft:tall_grass":36,"minecraft:copper_ore":20,"minecraft:cobblestone":3,"minecraft:grindstone":1,"minecraft:sugar_cane":67,"minecraft:pink_petals":1,"minecraft:seagrass":5,"minecraft:birch_log":21,"minecraft:wheat":14,"minecraft:sweet_berry_bush":19,"minecraft:spruce_log":69,"minecraft:yellow_bed":1,"minecraft:coal_ore":34,"minecraft:cherry_leaves":5,"minecraft:dark_oak_sapling":1,"minecraft:acacia_fence":1,"minecraft:sunflower":1,"minecraft:gravel":41,"minecraft:sand":2,"minecraft:dirt":591,"minecraft:oak_leaves":1,"minecraft:fern":2},"minecraft:dropped":{"minecraft:water_bucket":1,"minecraft:wheat_seeds":41,"minecraft:crafting_table":1,"minecraft:cooked_porkchop":2,"minecraft:apple":2,"minecraft:jungle_planks":3,"minecraft:coal":11,"minecraft:stick":3,"minecraft:flint":5,"minecraft:dirt":323,"minecraft:cornflower":2,"minecraft:sunflower":1,"minecraft:sand":1,"minecraft:string":2,"minecraft:dandelion":1,"minecraft:sugar_cane":3,"minecraft:compass":1,"minecraft:iron_nugget":1,"minecraft:coarse_dirt":1,"minecraft:raw_copper":40,"minecraft:stone_shovel":2,"minecraft:clay_ball":20,"minecraft:cooked_mutton":5,"minecraft:white_bed":2,"minecraft:rabbit_hide":1,"minecraft:yellow_bed":1,"minecraft:wooden_pickaxe":1,"minecraft:stone_pickaxe":3},"minecraft:picked_up":{"minecraft:crafting_table":5,"minecraft:coarse_dirt":1,"minecraft:clay_ball":20,"minecraft:wooden_pickaxe":1,"minecraft:shield":1,"minecraft:cornflower":2,"minecraft:string":2,"minecraft:red_bed":1,"minecraft:raw_copper":127,"minecraft:cooked_salmon":3,"minecraft:compass":1,"minecraft:spruce_planks":3,"minecraft:beef":19,"minecraft:jungle_sapling":2,"minecraft:poppy":2,"minecraft:melon_slice":24,"minecraft:sugar_cane":91,"minecraft:furnace":2,"minecraft:dark_oak_sapling":1,"minecraft:stick":35,"minecraft:torch":5,"minecraft:porkchop":16,"minecraft:cherry_log":10,"minecraft:orange_bed":6,"minecraft:stone_shovel":9,"minecraft:arrow":3,"minecraft:hay_block":83,"minecraft:gold_ingot":6,"minecraft:mutton":31,"minecraft:white_wool":18,"minecraft:cobblestone":3348,"minecraft:birch_log":21,"minecraft:jungle_boat":4,"minecraft:salmon":18,"minecraft:water_bucket":1,"minecraft:jungle_log":2,"minecraft:leather":4,"minecraft:flint":5,"minecraft:yellow_bed":1,"minecraft:dirt":1102,"minecraft:bone":1,"minecraft:apple":4,"minecraft:bow":1,"minecraft:wheat_seeds":52,"minecraft:stone_pickaxe":27,"minecraft:rabbit_hide":1,"minecraft:bell":2,"minecraft:grindstone":1,"minecraft:iron_ingot":5,"minecraft:bamboo":2,"minecraft:cooked_porkchop":2,"minecraft:sweet_berries":27,"minecraft:dandelion":1,"minecraft:gravel":36,"minecraft:sand":1,"minecraft:spruce_sapling":5,"minecraft:white_bed":4,"minecraft:spruce_log":88,"minecraft:stone_axe":1,"minecraft:cherry_sapling":3,"minecraft:gray_wool":1,"minecraft:bread":2,"minecraft:netherrack":3,"minecraft:black_wool":1,"minecraft:coal":79,"minecraft:sunflower":1},"minecraft:killed":{"minecraft:skeleton":2,"minecraft:drowned":1,"minecraft:pig":9,"minecraft:salmon":19,"minecraft:iron_golem":1,"minecraft:sheep":16,"minecraft:zombie":1,"minecraft:cow":4},"minecraft:custom":{"minecraft:mob_kills":53,"minecraft:animals_bred":1,"minecraft:inspect_hopper":3,"minecraft:interact_with_crafting_table":13,"minecraft:open_barrel":1,"minecraft:bell_ring":10,"minecraft:leave_game":5,"minecraft:time_since_death":241935,"minecraft:climb_one_cm":1989,"minecraft:sprint_one_cm":293522,"minecraft:walk_one_cm":686436,"minecraft:damage_blocked_by_shield":60,"minecraft:drop":88,"minecraft:talked_to_villager":1,"minecraft:play_time":241935,"minecraft:sneak_time":9924,"minecraft:walk_under_water_one_cm":53058,"minecraft:boat_one_cm":278295,"minecraft:jump":2796,"minecraft:interact_with_blast_furnace":2,"minecraft:walk_on_water_one_cm":26966,"minecraft:total_world_time":241935,"minecraft:interact_with_furnace":17,"minecraft:sleep_in_bed":19,"minecraft:time_since_rest":28255,"minecraft:damage_taken":966,"minecraft:damage_dealt":5081,"minecraft:swim_one_cm":50419,"minecraft:fly_one_cm":465101,"minecraft:player_kills":1,"minecraft:open_chest":62,"minecraft:crouch_one_cm":28781,"minecraft:interact_with_smoker":1,"minecraft:fall_one_cm":58991},"minecraft:used":{"minecraft:cherry_sapling":2,"minecraft:stone_shovel":1050,"minecraft:spruce_planks":1,"minecraft:shield":2,"minecraft:bell":2,"minecraft:orange_bed":6,"minecraft:torch":41,"minecraft:dirt":416,"minecraft:acacia_sapling":1,"minecraft:jungle_sapling":1,"minecraft:wooden_axe":59,"minecraft:lava_bucket":2,"minecraft:birch_sapling":1,"minecraft:bamboo":6,"minecraft:bow":1,"minecraft:hay_block":4,"minecraft:sweet_berries":27,"minecraft:furnace":1,"minecraft:dark_oak_sapling":2,"minecraft:cooked_mutton":7,"minecraft:water_bucket":9,"minecraft:stone_pickaxe":3801,"minecraft:wooden_pickaxe":71,"minecraft:sugar_cane":107,"minecraft:jungle_boat":5,"minecraft:red_bed":1,"minecraft:crafting_table":5,"minecraft:white_bed":4,"minecraft:black_wool":1,"minecraft:bread":7,"minecraft:melon_slice":28,"minecraft:spruce_sapling":5,"minecraft:golden_helmet":1,"minecraft:stone_axe":99,"minecraft:cobblestone":116,"minecraft:bucket":12,"minecraft:gray_wool":1}},"DataVersion":3953}