{"stats":{"minecraft:broken":{"minecraft:golden_helmet":1,"minecraft:wooden_pickaxe":1,"minecraft:stone_pickaxe":47,"minecraft:stone_axe":1,"minecraft:iron_pickaxe":2,"minecraft:wooden_axe":1,"minecraft:stone_shovel":30},"minecraft:mined":{"minecraft:spruce_planks":1,"minecraft:white_bed":3,"minecraft:cherry_log":10,"minecraft:cherry_sapling":1,"minecraft:jungle_leaves":76,"minecraft:acacia_log":1,"minecraft:grass_block":1960,"minecraft:jungle_log":2,"minecraft:spruce_leaves":42,"minecraft:large_fern":1,"minecraft:hay_block":48,"minecraft:tall_seagrass":8,"minecraft:furnace":1,"minecraft:iron_ore":2,"minecraft:fire":1,"minecraft:suspicious_sand":1,"minecraft:bell":2,"minecraft:vine":2,"minecraft:dirt_path":8,"minecraft:birch_wall_sign":1,"minecraft:bamboo_sapling":1,"minecraft:bamboo":8,"minecraft:stone":6528,"minecraft:white_wool":1,"minecraft:orange_bed":4,"minecraft:podzol":2,"minecraft:birch_stairs":6,"minecraft:glass_pane":1,"minecraft:red_bed":2,"minecraft:melon_stem":1,"minecraft:dandelion":1,"minecraft:spruce_door":1,"minecraft:clay":5,"minecraft:crafting_table":6,"minecraft:cornflower":1,"minecraft:torch":1,"minecraft:short_grass":273,"minecraft:melon":5,"minecraft:tall_grass":39,"minecraft:copper_ore":38,"minecraft:cobblestone":14,"minecraft:grindstone":1,"minecraft:sugar_cane":192,"minecraft:pink_petals":1,"minecraft:seagrass":9,"minecraft:birch_log":21,"minecraft:wheat":14,"minecraft:sweet_berry_bush":19,"minecraft:spruce_log":76,"minecraft:birch_leaves":4,"minecraft:yellow_bed":1,"minecraft:coal_ore":36,"minecraft:cherry_leaves":5,"minecraft:dark_oak_sapling":1,"minecraft:acacia_fence":1,"minecraft:sunflower":14,"minecraft:gravel":42,"minecraft:sand":7,"minecraft:dirt":2279,"minecraft:stone_bricks":6,"minecraft:oak_leaves":1,"minecraft:fern":2},"minecraft:killed_by":{"minecraft:player":2},"minecraft:custom":{"minecraft:mob_kills":60,"minecraft:animals_bred":1,"minecraft:inspect_hopper":7,"minecraft:interact_with_crafting_table":39,"minecraft:open_barrel":1,"minecraft:bell_ring":63,"minecraft:leave_game":10,"minecraft:time_since_death":29273,"minecraft:climb_one_cm":1989,"minecraft:sprint_one_cm":477255,"minecraft:walk_one_cm":1201542,"minecraft:damage_blocked_by_shield":70,"minecraft:drop":116,"minecraft:talked_to_villager":4,"minecraft:play_time":488262,"minecraft:sneak_time":53173,"minecraft:deaths":4,"minecraft:walk_under_water_one_cm":69083,"minecraft:boat_one_cm":525449,"minecraft:jump":3992,"minecraft:interact_with_blast_furnace":2,"minecraft:walk_on_water_one_cm":42445,"minecraft:total_world_time":488262,"minecraft:interact_with_furnace":59,"minecraft:interact_with_stonecutter":2,"minecraft:sleep_in_bed":27,"minecraft:time_since_rest":19518,"minecraft:damage_taken":2895,"minecraft:damage_dealt":7173,"minecraft:player_kills":1,"minecraft:swim_one_cm":110846,"minecraft:fly_one_cm":676511,"minecraft:open_chest":181,"minecraft:crouch_one_cm":178929,"minecraft:interact_with_smoker":1,"minecraft:fall_one_cm":79458},"minecraft:used":{"minecraft:cherry_sapling":4,"minecraft:stone_shovel":3987,"minecraft:chest":2,"minecraft:spruce_planks":1,"minecraft:shield":3,"minecraft:bell":2,"minecraft:orange_bed":6,"minecraft:torch":49,"minecraft:dirt":565,"minecraft:acacia_sapling":1,"minecraft:jungle_sapling":1,"minecraft:wooden_axe":59,"minecraft:lava_bucket":2,"minecraft:birch_sapling":2,"minecraft:stone_bricks":192,"minecraft:bamboo":15,"minecraft:bow":1,"minecraft:hay_block":4,"minecraft:sweet_berries":27,"minecraft:dark_oak_pressure_plate":2,"minecraft:furnace":2,"minecraft:dark_oak_sapling":3,"minecraft:cooked_mutton":7,"minecraft:water_bucket":30,"minecraft:spruce_door":3,"minecraft:stone_pickaxe":6395,"minecraft:wooden_pickaxe":71,"minecraft:spruce_sign":3,"minecraft:sugar_cane":144,"minecraft:jungle_boat":5,"minecraft:red_bed":2,"minecraft:birch_sign":3,"minecraft:crafting_table":7,"minecraft:white_bed":4,"minecraft:black_wool":1,"minecraft:sunflower":1,"minecraft:bread":28,"minecraft:melon_slice":28,"minecraft:iron_pickaxe":500,"minecraft:spruce_sapling":7,"minecraft:golden_helmet":1,"minecraft:stone_axe":140,"minecraft:cobblestone":140,"minecraft:bucket":33,"minecraft:gray_wool":1,"minecraft:birch_stairs":6},"minecraft:crafted":{"minecraft:stone_shovel":24,"minecraft:dark_oak_pressure_plate":2,"minecraft:furnace":1,"minecraft:stone":47,"minecraft:cooked_mutton":12,"minecraft:stone_pickaxe":29,"minecraft:chest":2,"minecraft:birch_sign":3,"minecraft:wheat":81,"minecraft:spruce_sign":3,"minecraft:crafting_table":3,"minecraft:spruce_planks":36,"minecraft:jungle_boat":1,"minecraft:wooden_pickaxe":1,"minecraft:bucket":1,"minecraft:stone_axe":2,"minecraft:bread":27,"minecraft:air":0,"minecraft:jungle_planks":48,"minecraft:book":21,"minecraft:paper":183,"minecraft:shield":1,"minecraft:stick":169,"minecraft:iron_ingot":10,"minecraft:iron_pickaxe":2,"minecraft:wooden_axe":1,"minecraft:white_bed":2,"minecraft:torch":36},"minecraft:dropped":{"minecraft:water_bucket":1,"minecraft:wheat_seeds":50,"minecraft:crafting_table":1,"minecraft:cooked_porkchop":2,"minecraft:cobblestone":1,"minecraft:apple":2,"minecraft:jungle_planks":3,"minecraft:coal":11,"minecraft:stick":4,"minecraft:flint":5,"minecraft:dirt":325,"minecraft:cornflower":2,"minecraft:sunflower":25,"minecraft:sand":6,"minecraft:string":2,"minecraft:dandelion":1,"minecraft:gravel":1,"minecraft:stone_axe":1,"minecraft:sugar_cane":3,"minecraft:compass":1,"minecraft:iron_nugget":1,"minecraft:coarse_dirt":1,"minecraft:raw_copper":40,"minecraft:stone_shovel":2,"minecraft:clay_ball":20,"minecraft:cooked_mutton":5,"minecraft:white_bed":2,"minecraft:rabbit_hide":1,"minecraft:yellow_bed":1,"minecraft:stone_bricks":69,"minecraft:wooden_pickaxe":1,"minecraft:stone_pickaxe":8},"minecraft:picked_up":{"minecraft:crafting_table":7,"minecraft:coarse_dirt":1,"minecraft:clay_ball":20,"minecraft:lead":4,"minecraft:wooden_pickaxe":1,"minecraft:shield":1,"minecraft:cornflower":2,"minecraft:string":5,"minecraft:red_bed":2,"minecraft:raw_copper":198,"minecraft:cooked_salmon":3,"minecraft:compass":1,"minecraft:spruce_planks":3,"minecraft:beef":19,"minecraft:jungle_sapling":2,"minecraft:poppy":2,"minecraft:melon_slice":37,"minecraft:sugar_cane":283,"minecraft:birch_sapling":1,"minecraft:furnace":2,"minecraft:iron_boots":1,"minecraft:dark_oak_sapling":2,"minecraft:golden_helmet":1,"minecraft:stick":86,"minecraft:torch":27,"minecraft:porkchop":16,"minecraft:cherry_log":10,"minecraft:orange_bed":6,"minecraft:rotten_flesh":2,"minecraft:stone_shovel":9,"minecraft:arrow":8,"minecraft:hay_block":83,"minecraft:gold_ingot":6,"minecraft:mutton":31,"minecraft:white_wool":19,"minecraft:cobblestone":6304,"minecraft:birch_log":21,"minecraft:jungle_boat":4,"minecraft:salmon":18,"minecraft:water_bucket":2,"minecraft:jungle_log":2,"minecraft:leather":6,"minecraft:filled_map":3,"minecraft:flint":5,"minecraft:yellow_bed":1,"minecraft:dirt":3873,"minecraft:bone":2,"minecraft:apple":4,"minecraft:stone_bricks":10,"minecraft:bow":1,"minecraft:wheat_seeds":75,"minecraft:stone_pickaxe":29,"minecraft:rabbit_hide":1,"minecraft:bell":2,"minecraft:grindstone":1,"minecraft:iron_ingot":12,"minecraft:bamboo":85,"minecraft:cooked_porkchop":2,"minecraft:sweet_berries":27,"minecraft:birch_stairs":6,"minecraft:dandelion":1,"minecraft:gravel":37,"minecraft:sand":12,"minecraft:spruce_sapling":9,"minecraft:white_bed":4,"minecraft:spruce_log":95,"minecraft:spruce_door":1,"minecraft:stone_axe":4,"minecraft:cherry_sapling":5,"minecraft:gray_wool":1,"minecraft:bread":18,"minecraft:netherrack":3,"minecraft:black_wool":1,"minecraft:coal":81,"minecraft:sunflower":32},"minecraft:killed":{"minecraft:spider":1,"minecraft:skeleton":4,"minecraft:drowned":1,"minecraft:pig":9,"minecraft:salmon":19,"minecraft:iron_golem":1,"minecraft:wandering_trader":2,"minecraft:sheep":16,"minecraft:trader_llama":2,"minecraft:zombie":1,"minecraft:cow":4}},"DataVersion":3953}