{"stats":{"minecraft:broken":{"minecraft:wooden_pickaxe":1,"minecraft:stone_pickaxe":31,"minecraft:stone_axe":1,"minecraft:wooden_axe":1,"minecraft:stone_shovel":10},"minecraft:crafted":{"minecraft:stone_shovel":3,"minecraft:furnace":1,"minecraft:stone":47,"minecraft:cooked_mutton":12,"minecraft:stone_pickaxe":8,"minecraft:crafting_table":2,"minecraft:spruce_planks":28,"minecraft:jungle_boat":1,"minecraft:wooden_pickaxe":1,"minecraft:bucket":1,"minecraft:stone_axe":2,"minecraft:air":0,"minecraft:jungle_planks":48,"minecraft:shield":1,"minecraft:stick":125,"minecraft:iron_ingot":10,"minecraft:wooden_axe":1,"minecraft:white_bed":2,"minecraft:torch":36},"minecraft:mined":{"minecraft:spruce_planks":1,"minecraft:white_bed":3,"minecraft:cherry_log":10,"minecraft:cherry_sapling":1,"minecraft:jungle_leaves":76,"minecraft:acacia_log":1,"minecraft:grass_block":713,"minecraft:jungle_log":2,"minecraft:spruce_leaves":11,"minecraft:large_fern":1,"minecraft:hay_block":48,"minecraft:tall_seagrass":7,"minecraft:furnace":1,"minecraft:iron_ore":2,"minecraft:fire":1,"minecraft:bell":2,"minecraft:vine":2,"minecraft:bamboo_sapling":1,"minecraft:bamboo":8,"minecraft:stone":3737,"minecraft:orange_bed":4,"minecraft:podzol":2,"minecraft:glass_pane":1,"minecraft:red_bed":2,"minecraft:melon_stem":1,"minecraft:dandelion":1,"minecraft:clay":5,"minecraft:crafting_table":4,"minecraft:cornflower":1,"minecraft:short_grass":259,"minecraft:melon":5,"minecraft:tall_grass":36,"minecraft:copper_ore":22,"minecraft:cobblestone":3,"minecraft:grindstone":1,"minecraft:sugar_cane":68,"minecraft:pink_petals":1,"minecraft:seagrass":5,"minecraft:birch_log":21,"minecraft:wheat":14,"minecraft:sweet_berry_bush":19,"minecraft:spruce_log":69,"minecraft:yellow_bed":1,"minecraft:coal_ore":34,"minecraft:cherry_leaves":5,"minecraft:dark_oak_sapling":1,"minecraft:acacia_fence":1,"minecraft:sunflower":10,"minecraft:gravel":41,"minecraft:sand":7,"minecraft:dirt":847,"minecraft:oak_leaves":1,"minecraft:fern":2},"minecraft:dropped":{"minecraft:water_bucket":1,"minecraft:wheat_seeds":41,"minecraft:crafting_table":1,"minecraft:cooked_porkchop":2,"minecraft:apple":2,"minecraft:jungle_planks":3,"minecraft:coal":11,"minecraft:stick":3,"minecraft:flint":5,"minecraft:dirt":323,"minecraft:cornflower":2,"minecraft:sunflower":10,"minecraft:sand":1,"minecraft:string":2,"minecraft:dandelion":1,"minecraft:sugar_cane":3,"minecraft:compass":1,"minecraft:iron_nugget":1,"minecraft:coarse_dirt":1,"minecraft:raw_copper":40,"minecraft:stone_shovel":2,"minecraft:clay_ball":20,"minecraft:cooked_mutton":5,"minecraft:white_bed":2,"minecraft:rabbit_hide":1,"minecraft:yellow_bed":1,"minecraft:wooden_pickaxe":1,"minecraft:stone_pickaxe":3},"minecraft:picked_up":{"minecraft:crafting_table":5,"minecraft:coarse_dirt":1,"minecraft:clay_ball":20,"minecraft:lead":2,"minecraft:wooden_pickaxe":1,"minecraft:shield":1,"minecraft:cornflower":2,"minecraft:string":2,"minecraft:red_bed":2,"minecraft:raw_copper":134,"minecraft:cooked_salmon":3,"minecraft:compass":1,"minecraft:spruce_planks":3,"minecraft:beef":19,"minecraft:jungle_sapling":2,"minecraft:poppy":2,"minecraft:melon_slice":24,"minecraft:sugar_cane":91,"minecraft:furnace":2,"minecraft:dark_oak_sapling":1,"minecraft:stick":35,"minecraft:torch":8,"minecraft:porkchop":16,"minecraft:cherry_log":10,"minecraft:orange_bed":6,"minecraft:stone_shovel":9,"minecraft:arrow":3,"minecraft:hay_block":83,"minecraft:gold_ingot":6,"minecraft:mutton":31,"minecraft:white_wool":18,"minecraft:cobblestone":3499,"minecraft:birch_log":21,"minecraft:jungle_boat":4,"minecraft:salmon":18,"minecraft:water_bucket":1,"minecraft:jungle_log":2,"minecraft:leather":5,"minecraft:flint":5,"minecraft:yellow_bed":1,"minecraft:dirt":1504,"minecraft:bone":1,"minecraft:apple":4,"minecraft:bow":1,"minecraft:wheat_seeds":55,"minecraft:stone_pickaxe":27,"minecraft:rabbit_hide":1,"minecraft:bell":2,"minecraft:grindstone":1,"minecraft:iron_ingot":5,"minecraft:bamboo":85,"minecraft:cooked_porkchop":2,"minecraft:sweet_berries":27,"minecraft:dandelion":1,"minecraft:gravel":36,"minecraft:sand":6,"minecraft:spruce_sapling":5,"minecraft:white_bed":4,"minecraft:spruce_log":88,"minecraft:stone_axe":1,"minecraft:cherry_sapling":3,"minecraft:gray_wool":1,"minecraft:bread":2,"minecraft:netherrack":3,"minecraft:black_wool":1,"minecraft:coal":79,"minecraft:sunflower":11},"minecraft:killed":{"minecraft:skeleton":2,"minecraft:drowned":1,"minecraft:pig":9,"minecraft:salmon":19,"minecraft:iron_golem":1,"minecraft:wandering_trader":1,"minecraft:sheep":16,"minecraft:trader_llama":2,"minecraft:zombie":1,"minecraft:cow":4},"minecraft:custom":{"minecraft:mob_kills":56,"minecraft:animals_bred":1,"minecraft:inspect_hopper":4,"minecraft:interact_with_crafting_table":14,"minecraft:open_barrel":1,"minecraft:bell_ring":12,"minecraft:leave_game":5,"minecraft:time_since_death":274943,"minecraft:climb_one_cm":1989,"minecraft:sprint_one_cm":310483,"minecraft:walk_one_cm":755424,"minecraft:damage_blocked_by_shield":60,"minecraft:drop":97,"minecraft:talked_to_villager":1,"minecraft:play_time":274943,"minecraft:sneak_time":12096,"minecraft:walk_under_water_one_cm":53058,"minecraft:boat_one_cm":278295,"minecraft:jump":2941,"minecraft:interact_with_blast_furnace":2,"minecraft:walk_on_water_one_cm":27099,"minecraft:total_world_time":274943,"minecraft:interact_with_furnace":49,"minecraft:interact_with_stonecutter":1,"minecraft:sleep_in_bed":21,"minecraft:time_since_rest":5496,"minecraft:damage_taken":1037,"minecraft:damage_dealt":5951,"minecraft:swim_one_cm":50419,"minecraft:fly_one_cm":488407,"minecraft:player_kills":1,"minecraft:open_chest":90,"minecraft:crouch_one_cm":36803,"minecraft:interact_with_smoker":1,"minecraft:fall_one_cm":62395},"minecraft:used":{"minecraft:cherry_sapling":2,"minecraft:stone_shovel":1316,"minecraft:spruce_planks":1,"minecraft:shield":2,"minecraft:bell":2,"minecraft:orange_bed":6,"minecraft:torch":42,"minecraft:dirt":418,"minecraft:acacia_sapling":1,"minecraft:jungle_sapling":1,"minecraft:wooden_axe":59,"minecraft:lava_bucket":2,"minecraft:birch_sapling":1,"minecraft:stone_bricks":5,"minecraft:bamboo":15,"minecraft:bow":1,"minecraft:hay_block":4,"minecraft:sweet_berries":27,"minecraft:furnace":2,"minecraft:dark_oak_sapling":2,"minecraft:cooked_mutton":7,"minecraft:water_bucket":9,"minecraft:stone_pickaxe":4002,"minecraft:wooden_pickaxe":71,"minecraft:sugar_cane":107,"minecraft:jungle_boat":5,"minecraft:red_bed":2,"minecraft:crafting_table":5,"minecraft:white_bed":4,"minecraft:black_wool":1,"minecraft:sunflower":1,"minecraft:bread":10,"minecraft:melon_slice":28,"minecraft:spruce_sapling":5,"minecraft:golden_helmet":1,"minecraft:stone_axe":119,"minecraft:cobblestone":116,"minecraft:bucket":12,"minecraft:gray_wool":1}},"DataVersion":3953}