{"stats":{"minecraft:broken":{"minecraft:stone_axe":1},"minecraft:mined":{"minecraft:podzol":1,"minecraft:acacia_leaves":10,"minecraft:brown_mushroom":1,"minecraft:white_bed":2,"minecraft:dark_oak_leaves":6,"minecraft:jungle_leaves":71,"minecraft:dark_oak_log":84,"minecraft:crafting_table":1,"minecraft:cornflower":1,"minecraft:short_grass":15,"minecraft:acacia_log":5,"minecraft:jungle_log":10,"minecraft:copper_ore":6,"minecraft:spruce_leaves":30,"minecraft:sugar_cane":26,"minecraft:seagrass":1,"minecraft:coarse_dirt":3,"minecraft:birch_log":19,"minecraft:sweet_berry_bush":2,"minecraft:spruce_log":146,"minecraft:birch_leaves":37,"minecraft:coal_ore":5,"minecraft:vine":1,"minecraft:dirt":4,"minecraft:stone":16,"minecraft:oak_leaves":1,"minecraft:fern":6},"minecraft:killed_by":{"minecraft:player":1,"minecraft:skeleton":1},"minecraft:custom":{"minecraft:mob_kills":19,"minecraft:interact_with_crafting_table":3,"minecraft:time_since_death":30397,"minecraft:leave_game":2,"minecraft:sleep_in_bed":2,"minecraft:climb_one_cm":242,"minecraft:time_since_rest":1827,"minecraft:sprint_one_cm":130282,"minecraft:damage_taken":861,"minecraft:walk_one_cm":94916,"minecraft:damage_dealt":2205,"minecraft:swim_one_cm":43857,"minecraft:fly_one_cm":126985,"minecraft:player_kills":1,"minecraft:open_chest":1,"minecraft:crouch_one_cm":6161,"minecraft:play_time":41454,"minecraft:deaths":2,"minecraft:sneak_time":2610,"minecraft:walk_under_water_one_cm":2446,"minecraft:jump":727,"minecraft:walk_on_water_one_cm":9151,"minecraft:total_world_time":41454,"minecraft:fall_one_cm":20051},"minecraft:used":{"minecraft:cooked_mutton":5,"minecraft:stone_sword":57,"minecraft:stone_pickaxe":11,"minecraft:wooden_pickaxe":16,"minecraft:rotten_flesh":2,"minecraft:crafting_table":1,"minecraft:white_bed":2,"minecraft:spruce_log":3,"minecraft:stone_axe":214,"minecraft:sweet_berries":16,"minecraft:egg":1,"minecraft:coarse_dirt":3},"minecraft:crafted":{"minecraft:crafting_table":1,"minecraft:spruce_planks":56,"minecraft:wooden_pickaxe":1,"minecraft:stone_axe":2,"minecraft:blue_dye":1,"minecraft:stick":4,"minecraft:stone_pickaxe":1,"minecraft:stone_sword":1},"minecraft:picked_up":{"minecraft:birch_log":19,"minecraft:crafting_table":2,"minecraft:coarse_dirt":4,"minecraft:clay_ball":20,"minecraft:jungle_log":10,"minecraft:leather":9,"minecraft:wooden_pickaxe":1,"minecraft:cornflower":1,"minecraft:dirt":10,"minecraft:raw_copper":21,"minecraft:cooked_mutton":5,"minecraft:wheat_seeds":5,"minecraft:spruce_planks":47,"minecraft:beef":19,"minecraft:stone_pickaxe":1,"minecraft:sugar_cane":43,"minecraft:birch_sapling":1,"minecraft:acacia_sapling":1,"minecraft:egg":1,"minecraft:dark_oak_sapling":1,"minecraft:stick":29,"minecraft:sweet_berries":66,"minecraft:acacia_log":5,"minecraft:porkchop":12,"minecraft:spruce_sapling":17,"minecraft:white_bed":3,"minecraft:spruce_log":163,"minecraft:dark_oak_log":84,"minecraft:stone_sword":1,"minecraft:rotten_flesh":2,"minecraft:stone_axe":1,"minecraft:mutton":4,"minecraft:coal":5,"minecraft:white_wool":3,"minecraft:cobblestone":24},"minecraft:killed":{"minecraft:pig":8,"minecraft:sheep":3,"minecraft:cow":8}},"DataVersion":3953}