{"stats":{"minecraft:broken":{"minecraft:brush":4,"minecraft:stone_axe":1},"minecraft:mined":{"minecraft:podzol":1,"minecraft:acacia_leaves":10,"minecraft:brown_mushroom":1,"minecraft:white_bed":5,"minecraft:dark_oak_leaves":6,"minecraft:jungle_leaves":71,"minecraft:dark_oak_log":84,"minecraft:crafting_table":3,"minecraft:cornflower":1,"minecraft:short_grass":26,"minecraft:acacia_log":5,"minecraft:melon":5,"minecraft:jungle_log":10,"minecraft:copper_ore":6,"minecraft:spruce_leaves":30,"minecraft:sugar_cane":26,"minecraft:hay_block":59,"minecraft:seagrass":1,"minecraft:coarse_dirt":3,"minecraft:furnace":1,"minecraft:birch_log":19,"minecraft:sweet_berry_bush":2,"minecraft:spruce_log":146,"minecraft:birch_leaves":37,"minecraft:coal_ore":5,"minecraft:vine":1,"minecraft:dirt":4,"minecraft:stonecutter":1,"minecraft:stone":19,"minecraft:oak_leaves":3,"minecraft:fern":6},"minecraft:killed_by":{"minecraft:player":1,"minecraft:skeleton":1},"minecraft:custom":{"minecraft:interact_with_furnace":9,"minecraft:mob_kills":28,"minecraft:interact_with_crafting_table":12,"minecraft:open_barrel":2,"minecraft:time_since_death":60397,"minecraft:leave_game":2,"minecraft:sleep_in_bed":4,"minecraft:climb_one_cm":1090,"minecraft:time_since_rest":6250,"minecraft:sprint_one_cm":231133,"minecraft:damage_taken":937,"minecraft:walk_one_cm":144988,"minecraft:drop":7,"minecraft:damage_dealt":2995,"minecraft:swim_one_cm":50256,"minecraft:fly_one_cm":303534,"minecraft:player_kills":1,"minecraft:open_chest":9,"minecraft:crouch_one_cm":11161,"minecraft:play_time":71454,"minecraft:deaths":2,"minecraft:sneak_time":3683,"minecraft:walk_under_water_one_cm":4618,"minecraft:boat_one_cm":79157,"minecraft:jump":1507,"minecraft:walk_on_water_one_cm":12393,"minecraft:total_world_time":71454,"minecraft:fall_one_cm":45441},"minecraft:used":{"minecraft:cooked_mutton":5,"minecraft:stone_sword":77,"minecraft:stone_pickaxe":16,"minecraft:wooden_pickaxe":16,"minecraft:rotten_flesh":2,"minecraft:crafting_table":3,"minecraft:white_bed":5,"minecraft:spruce_log":3,"minecraft:stone_axe":222,"minecraft:sweet_berries":46,"minecraft:furnace":1,"minecraft:egg":1,"minecraft:brush":8,"minecraft:coarse_dirt":3},"minecraft:dropped":{"minecraft:sweet_berries":28,"minecraft:wheat_seeds":3,"minecraft:iron_nugget":9,"minecraft:chicken":2,"minecraft:dirt":5,"minecraft:wooden_pickaxe":1},"minecraft:crafted":{"minecraft:cooked_beef":13,"minecraft:cooked_porkchop":18,"minecraft:crafting_table":1,"minecraft:spruce_planks":56,"minecraft:wooden_pickaxe":1,"minecraft:brush":4,"minecraft:furnace":1,"minecraft:copper_ingot":8,"minecraft:stone_axe":2,"minecraft:air":0,"minecraft:blue_dye":1,"minecraft:shield":1,"minecraft:stick":4,"minecraft:iron_ingot":1,"minecraft:stone_pickaxe":1,"minecraft:stone_sword":1},"minecraft:picked_up":{"minecraft:birch_log":19,"minecraft:crafting_table":4,"minecraft:coarse_dirt":4,"minecraft:feather":4,"minecraft:chicken":2,"minecraft:clay_ball":20,"minecraft:jungle_log":10,"minecraft:leather":12,"minecraft:wooden_pickaxe":1,"minecraft:cornflower":1,"minecraft:dirt":10,"minecraft:raw_copper":21,"minecraft:cooked_mutton":5,"minecraft:stonecutter":1,"minecraft:wheat_seeds":8,"minecraft:spruce_planks":47,"minecraft:beef":43,"minecraft:stone_pickaxe":1,"minecraft:iron_nugget":9,"minecraft:bamboo":4,"minecraft:melon_slice":17,"minecraft:sugar_cane":43,"minecraft:birch_sapling":1,"minecraft:acacia_sapling":2,"minecraft:furnace":1,"minecraft:egg":1,"minecraft:dark_oak_sapling":1,"minecraft:stick":29,"minecraft:sweet_berries":94,"minecraft:acacia_log":5,"minecraft:porkchop":18,"minecraft:spruce_sapling":17,"minecraft:white_bed":6,"minecraft:spruce_log":163,"minecraft:dark_oak_log":84,"minecraft:stone_sword":1,"minecraft:rotten_flesh":2,"minecraft:stone_axe":1,"minecraft:hay_block":58,"minecraft:armadillo_scute":18,"minecraft:mutton":4,"minecraft:coal":5,"minecraft:white_wool":3,"minecraft:cobblestone":27},"minecraft:killed":{"minecraft:pig":11,"minecraft:sheep":3,"minecraft:chicken":2,"minecraft:cow":12}},"DataVersion":3953}