{"stats":{"minecraft:broken":{"minecraft:stone_pickaxe":5,"minecraft:brush":4,"minecraft:stone_axe":3,"minecraft:iron_pickaxe":3,"minecraft:stone_shovel":1},"minecraft:mined":{"minecraft:dark_oak_planks":25,"minecraft:diamond_ore":3,"minecraft:white_bed":6,"minecraft:spruce_planks":12,"minecraft:dark_oak_leaves":6,"minecraft:deepslate_diamond_ore":1,"minecraft:cherry_log":17,"minecraft:jungle_leaves":71,"minecraft:dark_oak_log":84,"minecraft:spruce_trapdoor":12,"minecraft:dark_oak_pressure_plate":2,"minecraft:granite":3,"minecraft:acacia_log":5,"minecraft:deepslate_tile_wall":1,"minecraft:grass_block":184,"minecraft:jungle_log":21,"minecraft:deepslate_tile_stairs":4,"minecraft:spruce_leaves":30,"minecraft:hopper":1,"minecraft:hay_block":59,"minecraft:furnace":3,"minecraft:iron_ore":104,"minecraft:cobbled_deepslate":1,"minecraft:andesite":3,"minecraft:dark_oak_stairs":3,"minecraft:bell":1,"minecraft:deepslate_iron_ore":11,"minecraft:vine":1,"minecraft:bamboo":14,"minecraft:stone":691,"minecraft:podzol":1,"minecraft:birch_stairs":1,"minecraft:acacia_leaves":10,"minecraft:brown_mushroom":1,"minecraft:cherry_planks":28,"minecraft:amethyst_cluster":5,"minecraft:stone_brick_slab":30,"minecraft:spruce_door":38,"minecraft:cornflower":1,"minecraft:crafting_table":4,"minecraft:torch":3,"minecraft:short_grass":31,"minecraft:calcite":2,"minecraft:melon":5,"minecraft:chest":4,"minecraft:copper_ore":40,"minecraft:tall_grass":9,"minecraft:cobblestone":208,"minecraft:deepslate_gold_ore":5,"minecraft:lapis_ore":2,"minecraft:sugar_cane":42,"minecraft:blue_bed":1,"minecraft:wall_torch":2,"minecraft:amethyst_block":4,"minecraft:seagrass":1,"minecraft:birch_planks":19,"minecraft:coarse_dirt":3,"minecraft:dark_oak_slab":1,"minecraft:birch_log":26,"minecraft:sweet_berry_bush":4,"minecraft:spruce_log":146,"minecraft:birch_leaves":38,"minecraft:coal_ore":291,"minecraft:gravel":8,"minecraft:dirt":145,"minecraft:cherry_leaves":14,"minecraft:sand":2,"minecraft:smooth_basalt":5,"minecraft:stonecutter":1,"minecraft:stone_bricks":94,"minecraft:netherrack":7,"minecraft:gold_ore":2,"minecraft:oak_leaves":3,"minecraft:deepslate":7,"minecraft:fern":6},"minecraft:killed_by":{"minecraft:player":1,"minecraft:skeleton":1,"minecraft:zombie":1},"minecraft:custom":{"minecraft:mob_kills":38,"minecraft:inspect_hopper":9,"minecraft:interact_with_crafting_table":89,"minecraft:open_barrel":2,"minecraft:bell_ring":20,"minecraft:leave_game":8,"minecraft:time_since_death":184645,"minecraft:climb_one_cm":1090,"minecraft:sprint_one_cm":782009,"minecraft:walk_one_cm":918102,"minecraft:damage_blocked_by_shield":150,"minecraft:drop":45,"minecraft:talked_to_villager":6,"minecraft:play_time":418951,"minecraft:sneak_time":52052,"minecraft:deaths":3,"minecraft:walk_under_water_one_cm":124955,"minecraft:boat_one_cm":279552,"minecraft:jump":4979,"minecraft:interact_with_blast_furnace":9,"minecraft:walk_on_water_one_cm":81092,"minecraft:total_world_time":418951,"minecraft:interact_with_furnace":85,"minecraft:traded_with_villager":1,"minecraft:interact_with_stonecutter":31,"minecraft:sleep_in_bed":21,"minecraft:time_since_rest":99456,"minecraft:damage_taken":4635,"minecraft:damage_dealt":4974,"minecraft:player_kills":3,"minecraft:swim_one_cm":703300,"minecraft:fly_one_cm":803681,"minecraft:open_chest":243,"minecraft:crouch_one_cm":170418,"minecraft:interact_with_smoker":7,"minecraft:fall_one_cm":111350},"minecraft:used":{"minecraft:cherry_sapling":3,"minecraft:stone_sword":129,"minecraft:stone_shovel":132,"minecraft:chest":17,"minecraft:spruce_planks":179,"minecraft:shield":3,"minecraft:stone":1,"minecraft:bell":1,"minecraft:rotten_flesh":2,"minecraft:torch":28,"minecraft:dirt":326,"minecraft:spyglass":34,"minecraft:hopper":7,"minecraft:granite":1,"minecraft:dark_oak_planks":103,"minecraft:stone_brick_slab":224,"minecraft:birch_sapling":1,"minecraft:jungle_log":2,"minecraft:dark_oak_slab":36,"minecraft:stone_bricks":1369,"minecraft:sweet_berries":66,"minecraft:furnace":6,"minecraft:deepslate_tile_stairs":8,"minecraft:egg":1,"minecraft:cooked_beef":5,"minecraft:cobbled_deepslate":2,"minecraft:calcite":2,"minecraft:cooked_mutton":5,"minecraft:dark_oak_stairs":37,"minecraft:water_bucket":97,"minecraft:spruce_door":80,"minecraft:birch_planks":123,"minecraft:stone_pickaxe":654,"minecraft:cactus":1,"minecraft:wooden_pickaxe":16,"minecraft:cherry_planks":133,"minecraft:blue_bed":2,"minecraft:stonecutter":1,"minecraft:white_wool":1,"minecraft:sand":2,"minecraft:crafting_table":5,"minecraft:red_bed":1,"minecraft:blast_furnace":1,"minecraft:white_bed":6,"minecraft:spruce_log":3,"minecraft:smoker":1,"minecraft:deepslate_tile_wall":34,"minecraft:black_wool":1,"minecraft:iron_pickaxe":862,"minecraft:map":1,"minecraft:sunflower":2,"minecraft:bread":7,"minecraft:spruce_trapdoor":80,"minecraft:gravel":1,"minecraft:stone_axe":388,"minecraft:cobblestone":556,"minecraft:cooked_porkchop":36,"minecraft:andesite":2,"minecraft:bucket":97,"minecraft:brush":8,"minecraft:birch_stairs":45,"minecraft:coarse_dirt":3},"minecraft:dropped":{"minecraft:wheat_seeds":3,"minecraft:stick":88,"minecraft:dirt":5,"minecraft:sweet_berries":28,"minecraft:iron_nugget":9,"minecraft:stone_shovel":7,"minecraft:chicken":2,"minecraft:filled_map":1,"minecraft:spruce_planks":3,"minecraft:stone_pickaxe":25,"minecraft:wooden_pickaxe":1},"minecraft:crafted":{"minecraft:cherry_planks":108,"minecraft:smooth_stone":3,"minecraft:oak_planks":16,"minecraft:stone_shovel":8,"minecraft:cactus":1,"minecraft:spyglass":1,"minecraft:furnace":4,"minecraft:blast_furnace":1,"minecraft:stone":108,"minecraft:cooked_mutton":39,"minecraft:hopper":6,"minecraft:stone_pickaxe":28,"minecraft:chest":19,"minecraft:dark_oak_planks":192,"minecraft:smoker":1,"minecraft:cooked_beef":37,"minecraft:cooked_porkchop":34,"minecraft:dark_oak_stairs":40,"minecraft:map":1,"minecraft:crafting_table":1,"minecraft:spruce_planks":544,"minecraft:wooden_pickaxe":1,"minecraft:brush":4,"minecraft:spruce_door":9,"minecraft:blue_bed":1,"minecraft:copper_ingot":8,"minecraft:birch_planks":188,"minecraft:stone_axe":3,"minecraft:air":0,"minecraft:jungle_planks":16,"minecraft:blue_dye":1,"minecraft:spruce_trapdoor":68,"minecraft:dark_oak_slab":42,"minecraft:paper":27,"minecraft:shield":1,"minecraft:stick":37,"minecraft:iron_ingot":82,"minecraft:iron_pickaxe":4,"minecraft:stone_sword":1,"minecraft:deepslate_tile_stairs":2,"minecraft:acacia_planks":16,"minecraft:birch_stairs":44,"minecraft:torch":16},"minecraft:picked_up":{"minecraft:crafting_table":5,"minecraft:coarse_dirt":4,"minecraft:wheat":7,"minecraft:chicken":2,"minecraft:clay_ball":20,"minecraft:wooden_pickaxe":1,"minecraft:shield":2,"minecraft:amethyst_block":4,"minecraft:cornflower":1,"minecraft:dark_oak_pressure_plate":2,"minecraft:string":3,"minecraft:red_bed":1,"minecraft:raw_copper":173,"minecraft:cobbled_deepslate":46,"minecraft:spruce_planks":60,"minecraft:beef":43,"minecraft:calcite":2,"minecraft:iron_nugget":10,"minecraft:iron_pickaxe":1,"minecraft:deepslate_tile_wall":1,"minecraft:melon_slice":17,"minecraft:sugar_cane":76,"minecraft:chest":4,"minecraft:birch_sapling":2,"minecraft:spruce_trapdoor":12,"minecraft:furnace":3,"minecraft:egg":1,"minecraft:dark_oak_sapling":1,"minecraft:stick":98,"minecraft:raw_iron":123,"minecraft:copper_ingot":1,"minecraft:torch":21,"minecraft:acacia_log":5,"minecraft:porkchop":18,"minecraft:cherry_log":17,"minecraft:deepslate_tile_stairs":4,"minecraft:golden_chestplate":1,"minecraft:dark_oak_planks":25,"minecraft:stone_sword":2,"minecraft:arrow":2,"minecraft:rotten_flesh":11,"minecraft:hay_block":58,"minecraft:armadillo_scute":18,"minecraft:mutton":7,"minecraft:white_wool":4,"minecraft:cobblestone":1557,"minecraft:birch_log":26,"minecraft:feather":4,"minecraft:cooked_beef":37,"minecraft:cherry_planks":27,"minecraft:andesite":3,"minecraft:water_bucket":2,"minecraft:jungle_log":21,"minecraft:leather":12,"minecraft:filled_map":2,"minecraft:birch_planks":19,"minecraft:flint":5,"minecraft:lapis_lazuli":13,"minecraft:dirt":739,"minecraft:paper":19,"minecraft:blue_bed":1,"minecraft:cooked_mutton":5,"minecraft:stone_bricks":218,"minecraft:stonecutter":1,"minecraft:wheat_seeds":12,"minecraft:raw_gold":8,"minecraft:bell":1,"minecraft:stone_pickaxe":4,"minecraft:bamboo":172,"minecraft:dark_oak_stairs":3,"minecraft:acacia_sapling":2,"minecraft:smooth_basalt":5,"minecraft:dark_oak_slab":2,"minecraft:cooked_porkchop":27,"minecraft:sweet_berries":94,"minecraft:stone_brick_slab":30,"minecraft:birch_stairs":1,"minecraft:gravel":6,"minecraft:sand":3,"minecraft:amethyst_shard":20,"minecraft:spruce_sapling":17,"minecraft:white_bed":7,"minecraft:spruce_log":163,"minecraft:spruce_door":74,"minecraft:dark_oak_log":84,"minecraft:spider_eye":1,"minecraft:diamond":4,"minecraft:stone_axe":2,"minecraft:granite":1,"minecraft:cherry_sapling":9,"minecraft:netherrack":4,"minecraft:black_wool":1,"minecraft:coal":368,"minecraft:hopper":1,"minecraft:sunflower":2},"minecraft:killed":{"minecraft:spider":2,"minecraft:skeleton":1,"minecraft:chicken":2,"minecraft:pig":11,"minecraft:sheep":5,"minecraft:zombie":5,"minecraft:cow":12}},"DataVersion":3953}