{"stats":{"minecraft:broken":{"minecraft:stone_axe":1},"minecraft:mined":{"minecraft:podzol":1,"minecraft:coarse_dirt":3,"minecraft:brown_mushroom":1,"minecraft:dark_oak_leaves":1,"minecraft:dark_oak_log":25,"minecraft:spruce_log":146,"minecraft:crafting_table":1,"minecraft:short_grass":4,"minecraft:dirt":4,"minecraft:spruce_leaves":10,"minecraft:stone":16,"minecraft:sugar_cane":4,"minecraft:fern":5},"minecraft:killed_by":{"minecraft:player":1,"minecraft:skeleton":1},"minecraft:used":{"minecraft:stone_sword":14,"minecraft:wooden_pickaxe":16,"minecraft:rotten_flesh":2,"minecraft:stone_axe":130,"minecraft:coarse_dirt":3,"minecraft:spruce_log":3},"minecraft:custom":{"minecraft:time_since_rest":6441,"minecraft:sprint_one_cm":28155,"minecraft:damage_taken":548,"minecraft:walk_one_cm":37328,"minecraft:damage_dealt":365,"minecraft:swim_one_cm":10127,"minecraft:interact_with_crafting_table":2,"minecraft:fly_one_cm":15088,"minecraft:player_kills":1,"minecraft:crouch_one_cm":840,"minecraft:play_time":17454,"minecraft:deaths":2,"minecraft:sneak_time":940,"minecraft:walk_under_water_one_cm":207,"minecraft:jump":196,"minecraft:walk_on_water_one_cm":589,"minecraft:leave_game":2,"minecraft:time_since_death":6397,"minecraft:total_world_time":17454,"minecraft:fall_one_cm":3474},"minecraft:crafted":{"minecraft:crafting_table":1,"minecraft:spruce_planks":56,"minecraft:stick":4,"minecraft:wooden_pickaxe":1,"minecraft:stone_pickaxe":1,"minecraft:stone_sword":1,"minecraft:stone_axe":1},"minecraft:picked_up":{"minecraft:coarse_dirt":4,"minecraft:stick":19,"minecraft:crafting_table":2,"minecraft:clay_ball":20,"minecraft:wooden_pickaxe":1,"minecraft:spruce_sapling":17,"minecraft:spruce_log":163,"minecraft:dark_oak_log":25,"minecraft:dirt":10,"minecraft:stone_sword":1,"minecraft:rotten_flesh":2,"minecraft:stone_axe":1,"minecraft:wheat_seeds":3,"minecraft:spruce_planks":47,"minecraft:stone_pickaxe":1,"minecraft:sugar_cane":9,"minecraft:cobblestone":24}},"DataVersion":3953}