{"stats":{"minecraft:broken":{"minecraft:stone_axe":1},"minecraft:mined":{"minecraft:podzol":1,"minecraft:white_bed":1,"minecraft:coarse_dirt":3,"minecraft:brown_mushroom":1,"minecraft:dark_oak_leaves":6,"minecraft:birch_log":19,"minecraft:dark_oak_log":84,"minecraft:spruce_log":146,"minecraft:birch_leaves":37,"minecraft:cornflower":1,"minecraft:crafting_table":1,"minecraft:short_grass":6,"minecraft:dirt":4,"minecraft:spruce_leaves":30,"minecraft:stone":16,"minecraft:sugar_cane":20,"minecraft:seagrass":1,"minecraft:fern":6},"minecraft:killed_by":{"minecraft:player":1,"minecraft:skeleton":1},"minecraft:used":{"minecraft:stone_sword":22,"minecraft:wooden_pickaxe":16,"minecraft:rotten_flesh":2,"minecraft:stone_axe":196,"minecraft:crafting_table":1,"minecraft:sweet_berries":10,"minecraft:white_bed":1,"minecraft:egg":1,"minecraft:coarse_dirt":3,"minecraft:spruce_log":3,"minecraft:cooked_mutton":3},"minecraft:custom":{"minecraft:time_since_rest":3065,"minecraft:sprint_one_cm":70588,"minecraft:damage_taken":811,"minecraft:walk_one_cm":66428,"minecraft:mob_kills":4,"minecraft:damage_dealt":705,"minecraft:swim_one_cm":36553,"minecraft:interact_with_crafting_table":3,"minecraft:fly_one_cm":46297,"minecraft:player_kills":1,"minecraft:open_chest":1,"minecraft:crouch_one_cm":5948,"minecraft:play_time":29454,"minecraft:deaths":2,"minecraft:sneak_time":2533,"minecraft:walk_under_water_one_cm":1016,"minecraft:jump":358,"minecraft:walk_on_water_one_cm":4320,"minecraft:leave_game":2,"minecraft:time_since_death":18397,"minecraft:sleep_in_bed":1,"minecraft:total_world_time":29454,"minecraft:fall_one_cm":8529},"minecraft:crafted":{"minecraft:crafting_table":1,"minecraft:spruce_planks":56,"minecraft:stick":4,"minecraft:wooden_pickaxe":1,"minecraft:stone_pickaxe":1,"minecraft:stone_sword":1,"minecraft:stone_axe":2,"minecraft:blue_dye":1},"minecraft:picked_up":{"minecraft:birch_log":19,"minecraft:dark_oak_sapling":1,"minecraft:coarse_dirt":4,"minecraft:stick":25,"minecraft:crafting_table":2,"minecraft:sweet_berries":66,"minecraft:clay_ball":20,"minecraft:wooden_pickaxe":1,"minecraft:porkchop":1,"minecraft:spruce_sapling":17,"minecraft:white_bed":2,"minecraft:spruce_log":163,"minecraft:cornflower":1,"minecraft:dark_oak_log":84,"minecraft:dirt":10,"minecraft:cooked_mutton":5,"minecraft:stone_sword":1,"minecraft:rotten_flesh":2,"minecraft:stone_axe":1,"minecraft:wheat_seeds":4,"minecraft:spruce_planks":47,"minecraft:stone_pickaxe":1,"minecraft:birch_sapling":1,"minecraft:sugar_cane":32,"minecraft:mutton":4,"minecraft:egg":1,"minecraft:white_wool":3,"minecraft:cobblestone":24},"minecraft:killed":{"minecraft:sheep":3,"minecraft:pig":1}},"DataVersion":3953}