{"stats":{"minecraft:broken":{"minecraft:brush":4,"minecraft:stone_axe":1,"minecraft:stone_pickaxe":2},"minecraft:crafted":{"minecraft:cooked_beef":37,"minecraft:stone_shovel":3,"minecraft:cooked_porkchop":34,"minecraft:crafting_table":1,"minecraft:spruce_planks":56,"minecraft:wooden_pickaxe":1,"minecraft:brush":4,"minecraft:spruce_door":3,"minecraft:blue_bed":1,"minecraft:furnace":1,"minecraft:copper_ingot":8,"minecraft:stone_axe":2,"minecraft:cooked_mutton":23,"minecraft:air":0,"minecraft:blue_dye":1,"minecraft:shield":1,"minecraft:stick":32,"minecraft:iron_pickaxe":1,"minecraft:iron_ingot":4,"minecraft:stone_pickaxe":13,"minecraft:stone_sword":1,"minecraft:chest":2,"minecraft:torch":16},"minecraft:dropped":{"minecraft:sweet_berries":28,"minecraft:wheat_seeds":3,"minecraft:iron_nugget":9,"minecraft:stone_shovel":3,"minecraft:chicken":2,"minecraft:dirt":5,"minecraft:spruce_planks":3,"minecraft:stone_pickaxe":10,"minecraft:wooden_pickaxe":1},"minecraft:mined":{"minecraft:podzol":1,"minecraft:acacia_leaves":10,"minecraft:white_bed":6,"minecraft:brown_mushroom":1,"minecraft:dark_oak_leaves":6,"minecraft:jungle_leaves":71,"minecraft:dark_oak_log":84,"minecraft:spruce_door":2,"minecraft:crafting_table":4,"minecraft:cornflower":1,"minecraft:short_grass":26,"minecraft:acacia_log":5,"minecraft:grass_block":3,"minecraft:melon":5,"minecraft:chest":1,"minecraft:jungle_log":10,"minecraft:cobblestone":3,"minecraft:copper_ore":36,"minecraft:spruce_leaves":30,"minecraft:sugar_cane":26,"minecraft:seagrass":1,"minecraft:hay_block":59,"minecraft:coarse_dirt":3,"minecraft:furnace":2,"minecraft:birch_log":19,"minecraft:iron_ore":3,"minecraft:sweet_berry_bush":4,"minecraft:spruce_log":146,"minecraft:birch_leaves":37,"minecraft:coal_ore":99,"minecraft:vine":1,"minecraft:gravel":1,"minecraft:dirt":4,"minecraft:stonecutter":1,"minecraft:stone":240,"minecraft:netherrack":7,"minecraft:oak_leaves":3,"minecraft:fern":6},"minecraft:picked_up":{"minecraft:birch_log":19,"minecraft:crafting_table":5,"minecraft:coarse_dirt":4,"minecraft:feather":4,"minecraft:chicken":2,"minecraft:clay_ball":20,"minecraft:jungle_log":10,"minecraft:leather":12,"minecraft:wooden_pickaxe":1,"minecraft:cornflower":1,"minecraft:dirt":13,"minecraft:raw_copper":124,"minecraft:cooked_mutton":5,"minecraft:stonecutter":1,"minecraft:wheat_seeds":8,"minecraft:spruce_planks":48,"minecraft:beef":43,"minecraft:stone_pickaxe":1,"minecraft:iron_nugget":10,"minecraft:bamboo":4,"minecraft:melon_slice":17,"minecraft:sugar_cane":43,"minecraft:chest":1,"minecraft:birch_sapling":1,"minecraft:acacia_sapling":2,"minecraft:egg":1,"minecraft:furnace":2,"minecraft:dark_oak_sapling":1,"minecraft:stick":29,"minecraft:raw_iron":3,"minecraft:sweet_berries":94,"minecraft:acacia_log":5,"minecraft:gravel":1,"minecraft:porkchop":18,"minecraft:spruce_sapling":17,"minecraft:white_bed":7,"minecraft:spruce_log":163,"minecraft:dark_oak_log":84,"minecraft:spruce_door":2,"minecraft:stone_sword":1,"minecraft:rotten_flesh":3,"minecraft:stone_axe":1,"minecraft:hay_block":58,"minecraft:armadillo_scute":18,"minecraft:black_wool":1,"minecraft:netherrack":4,"minecraft:mutton":6,"minecraft:coal":99,"minecraft:white_wool":3,"minecraft:cobblestone":289},"minecraft:killed_by":{"minecraft:player":1,"minecraft:skeleton":1},"minecraft:killed":{"minecraft:pig":11,"minecraft:sheep":4,"minecraft:zombie":1,"minecraft:chicken":2,"minecraft:cow":12},"minecraft:custom":{"minecraft:interact_with_furnace":20,"minecraft:mob_kills":30,"minecraft:interact_with_crafting_table":29,"minecraft:open_barrel":2,"minecraft:bell_ring":17,"minecraft:leave_game":3,"minecraft:time_since_death":108625,"minecraft:sleep_in_bed":10,"minecraft:climb_one_cm":1090,"minecraft:time_since_rest":11180,"minecraft:sprint_one_cm":306561,"minecraft:damage_taken":1216,"minecraft:walk_one_cm":207109,"minecraft:drop":23,"minecraft:damage_dealt":3296,"minecraft:swim_one_cm":75217,"minecraft:fly_one_cm":446821,"minecraft:player_kills":1,"minecraft:open_chest":26,"minecraft:crouch_one_cm":45667,"minecraft:play_time":119682,"minecraft:deaths":2,"minecraft:sneak_time":13447,"minecraft:walk_under_water_one_cm":30789,"minecraft:boat_one_cm":279552,"minecraft:jump":2153,"minecraft:walk_on_water_one_cm":28187,"minecraft:total_world_time":119682,"minecraft:fall_one_cm":53452},"minecraft:used":{"minecraft:cooked_mutton":5,"minecraft:stone_sword":81,"minecraft:spruce_door":2,"minecraft:stone_pickaxe":375,"minecraft:chest":3,"minecraft:wooden_pickaxe":16,"minecraft:blue_bed":1,"minecraft:rotten_flesh":2,"minecraft:dirt":3,"minecraft:crafting_table":5,"minecraft:white_bed":6,"minecraft:spruce_log":3,"minecraft:bread":6,"minecraft:gravel":1,"minecraft:stone_axe":227,"minecraft:cobblestone":191,"minecraft:sweet_berries":66,"minecraft:furnace":3,"minecraft:egg":1,"minecraft:brush":8,"minecraft:coarse_dirt":3}},"DataVersion":3953}