{"stats":{"minecraft:broken":{"minecraft:stone_pickaxe":3,"minecraft:brush":4,"minecraft:stone_axe":1},"minecraft:crafted":{"minecraft:cherry_planks":16,"minecraft:oak_planks":16,"minecraft:stone_shovel":7,"minecraft:furnace":1,"minecraft:cooked_mutton":39,"minecraft:stone_pickaxe":13,"minecraft:chest":7,"minecraft:dark_oak_planks":32,"minecraft:cooked_beef":37,"minecraft:cooked_porkchop":34,"minecraft:crafting_table":1,"minecraft:spruce_planks":96,"minecraft:wooden_pickaxe":1,"minecraft:brush":4,"minecraft:spruce_door":3,"minecraft:blue_bed":1,"minecraft:copper_ingot":8,"minecraft:birch_planks":16,"minecraft:stone_axe":2,"minecraft:air":0,"minecraft:jungle_planks":16,"minecraft:blue_dye":1,"minecraft:shield":1,"minecraft:stick":32,"minecraft:iron_ingot":4,"minecraft:iron_pickaxe":1,"minecraft:stone_sword":1,"minecraft:acacia_planks":16,"minecraft:torch":16},"minecraft:dropped":{"minecraft:wheat_seeds":3,"minecraft:dirt":5,"minecraft:sweet_berries":28,"minecraft:iron_nugget":9,"minecraft:stone_shovel":7,"minecraft:chicken":2,"minecraft:spruce_planks":3,"minecraft:stone_pickaxe":10,"minecraft:wooden_pickaxe":1},"minecraft:mined":{"minecraft:white_bed":6,"minecraft:dark_oak_leaves":6,"minecraft:dark_oak_log":84,"minecraft:jungle_leaves":71,"minecraft:acacia_log":5,"minecraft:grass_block":26,"minecraft:jungle_log":21,"minecraft:spruce_leaves":30,"minecraft:hay_block":59,"minecraft:furnace":2,"minecraft:iron_ore":3,"minecraft:vine":1,"minecraft:stone":374,"minecraft:podzol":1,"minecraft:acacia_leaves":10,"minecraft:brown_mushroom":1,"minecraft:spruce_door":2,"minecraft:cornflower":1,"minecraft:crafting_table":4,"minecraft:short_grass":26,"minecraft:melon":5,"minecraft:chest":3,"minecraft:copper_ore":36,"minecraft:cobblestone":25,"minecraft:tall_grass":4,"minecraft:sugar_cane":26,"minecraft:blue_bed":1,"minecraft:seagrass":1,"minecraft:coarse_dirt":3,"minecraft:birch_log":19,"minecraft:sweet_berry_bush":4,"minecraft:spruce_log":146,"minecraft:birch_leaves":37,"minecraft:coal_ore":99,"minecraft:dirt":54,"minecraft:gravel":1,"minecraft:stonecutter":1,"minecraft:netherrack":7,"minecraft:oak_leaves":3,"minecraft:fern":6},"minecraft:picked_up":{"minecraft:coarse_dirt":4,"minecraft:crafting_table":5,"minecraft:chicken":2,"minecraft:clay_ball":20,"minecraft:wooden_pickaxe":1,"minecraft:cornflower":1,"minecraft:red_bed":1,"minecraft:raw_copper":124,"minecraft:spruce_planks":48,"minecraft:beef":43,"minecraft:iron_nugget":10,"minecraft:melon_slice":17,"minecraft:sugar_cane":43,"minecraft:chest":3,"minecraft:birch_sapling":1,"minecraft:furnace":2,"minecraft:egg":1,"minecraft:dark_oak_sapling":1,"minecraft:stick":29,"minecraft:raw_iron":3,"minecraft:acacia_log":5,"minecraft:porkchop":18,"minecraft:stone_sword":1,"minecraft:rotten_flesh":3,"minecraft:hay_block":58,"minecraft:armadillo_scute":18,"minecraft:mutton":6,"minecraft:white_wool":3,"minecraft:cobblestone":447,"minecraft:birch_log":19,"minecraft:feather":4,"minecraft:jungle_log":21,"minecraft:leather":12,"minecraft:dirt":88,"minecraft:blue_bed":1,"minecraft:cooked_mutton":5,"minecraft:stonecutter":1,"minecraft:wheat_seeds":8,"minecraft:stone_pickaxe":1,"minecraft:bamboo":4,"minecraft:acacia_sapling":2,"minecraft:sweet_berries":94,"minecraft:gravel":1,"minecraft:spruce_sapling":17,"minecraft:white_bed":7,"minecraft:spruce_log":163,"minecraft:dark_oak_log":84,"minecraft:spruce_door":2,"minecraft:stone_axe":1,"minecraft:netherrack":4,"minecraft:black_wool":1,"minecraft:coal":99},"minecraft:killed_by":{"minecraft:player":1,"minecraft:skeleton":1},"minecraft:killed":{"minecraft:chicken":2,"minecraft:pig":11,"minecraft:sheep":4,"minecraft:zombie":1,"minecraft:cow":12},"minecraft:custom":{"minecraft:mob_kills":30,"minecraft:interact_with_crafting_table":38,"minecraft:open_barrel":2,"minecraft:bell_ring":17,"minecraft:leave_game":4,"minecraft:time_since_death":144509,"minecraft:climb_one_cm":1090,"minecraft:sprint_one_cm":337939,"minecraft:walk_one_cm":292272,"minecraft:drop":27,"minecraft:play_time":155566,"minecraft:deaths":2,"minecraft:sneak_time":17652,"minecraft:walk_under_water_one_cm":31724,"minecraft:boat_one_cm":279552,"minecraft:jump":2409,"minecraft:walk_on_water_one_cm":34731,"minecraft:total_world_time":155566,"minecraft:interact_with_furnace":26,"minecraft:sleep_in_bed":15,"minecraft:time_since_rest":15368,"minecraft:damage_taken":1257,"minecraft:damage_dealt":3306,"minecraft:player_kills":1,"minecraft:fly_one_cm":493239,"minecraft:swim_one_cm":75217,"minecraft:open_chest":62,"minecraft:crouch_one_cm":62251,"minecraft:fall_one_cm":55435},"minecraft:used":{"minecraft:stone_sword":81,"minecraft:chest":10,"minecraft:rotten_flesh":2,"minecraft:dirt":120,"minecraft:jungle_log":2,"minecraft:sweet_berries":66,"minecraft:furnace":3,"minecraft:egg":1,"minecraft:cooked_mutton":5,"minecraft:spruce_door":2,"minecraft:stone_pickaxe":393,"minecraft:wooden_pickaxe":16,"minecraft:blue_bed":2,"minecraft:crafting_table":5,"minecraft:red_bed":1,"minecraft:white_bed":6,"minecraft:spruce_log":3,"minecraft:black_wool":1,"minecraft:bread":7,"minecraft:iron_pickaxe":138,"minecraft:gravel":1,"minecraft:stone_axe":240,"minecraft:cobblestone":267,"minecraft:cooked_porkchop":1,"minecraft:brush":8,"minecraft:coarse_dirt":3}},"DataVersion":3953}