{"stats":{"minecraft:broken":{"minecraft:brush":4,"minecraft:stone_axe":1,"minecraft:stone_pickaxe":1},"minecraft:crafted":{"minecraft:cooked_beef":13,"minecraft:cooked_porkchop":18,"minecraft:crafting_table":1,"minecraft:spruce_planks":56,"minecraft:wooden_pickaxe":1,"minecraft:brush":4,"minecraft:spruce_door":3,"minecraft:blue_bed":1,"minecraft:furnace":1,"minecraft:copper_ingot":8,"minecraft:stone_axe":2,"minecraft:cooked_mutton":23,"minecraft:air":0,"minecraft:blue_dye":1,"minecraft:shield":1,"minecraft:stick":4,"minecraft:iron_ingot":1,"minecraft:stone_pickaxe":6,"minecraft:stone_sword":1,"minecraft:chest":2},"minecraft:dropped":{"minecraft:sweet_berries":28,"minecraft:wheat_seeds":3,"minecraft:iron_nugget":9,"minecraft:chicken":2,"minecraft:dirt":5,"minecraft:spruce_planks":3,"minecraft:stone_pickaxe":4,"minecraft:wooden_pickaxe":1},"minecraft:mined":{"minecraft:podzol":1,"minecraft:acacia_leaves":10,"minecraft:white_bed":6,"minecraft:brown_mushroom":1,"minecraft:dark_oak_leaves":6,"minecraft:jungle_leaves":71,"minecraft:dark_oak_log":84,"minecraft:spruce_door":1,"minecraft:crafting_table":4,"minecraft:cornflower":1,"minecraft:short_grass":26,"minecraft:acacia_log":5,"minecraft:melon":5,"minecraft:chest":1,"minecraft:jungle_log":10,"minecraft:copper_ore":20,"minecraft:spruce_leaves":30,"minecraft:sugar_cane":26,"minecraft:seagrass":1,"minecraft:hay_block":59,"minecraft:coarse_dirt":3,"minecraft:furnace":2,"minecraft:birch_log":19,"minecraft:iron_ore":2,"minecraft:sweet_berry_bush":4,"minecraft:spruce_log":146,"minecraft:birch_leaves":37,"minecraft:coal_ore":99,"minecraft:vine":1,"minecraft:dirt":4,"minecraft:stonecutter":1,"minecraft:stone":137,"minecraft:netherrack":7,"minecraft:oak_leaves":3,"minecraft:fern":6},"minecraft:picked_up":{"minecraft:birch_log":19,"minecraft:crafting_table":5,"minecraft:coarse_dirt":4,"minecraft:feather":4,"minecraft:chicken":2,"minecraft:clay_ball":20,"minecraft:jungle_log":10,"minecraft:leather":12,"minecraft:wooden_pickaxe":1,"minecraft:cornflower":1,"minecraft:dirt":10,"minecraft:raw_copper":70,"minecraft:cooked_mutton":5,"minecraft:stonecutter":1,"minecraft:wheat_seeds":8,"minecraft:spruce_planks":48,"minecraft:beef":43,"minecraft:stone_pickaxe":1,"minecraft:iron_nugget":10,"minecraft:bamboo":4,"minecraft:melon_slice":17,"minecraft:sugar_cane":43,"minecraft:chest":1,"minecraft:birch_sapling":1,"minecraft:acacia_sapling":2,"minecraft:egg":1,"minecraft:furnace":2,"minecraft:dark_oak_sapling":1,"minecraft:stick":29,"minecraft:raw_iron":2,"minecraft:sweet_berries":94,"minecraft:acacia_log":5,"minecraft:porkchop":18,"minecraft:spruce_sapling":17,"minecraft:white_bed":7,"minecraft:spruce_log":163,"minecraft:dark_oak_log":84,"minecraft:spruce_door":1,"minecraft:stone_sword":1,"minecraft:rotten_flesh":3,"minecraft:stone_axe":1,"minecraft:hay_block":58,"minecraft:armadillo_scute":18,"minecraft:netherrack":4,"minecraft:mutton":4,"minecraft:coal":99,"minecraft:white_wool":3,"minecraft:cobblestone":146},"minecraft:killed_by":{"minecraft:player":1,"minecraft:skeleton":1},"minecraft:killed":{"minecraft:pig":11,"minecraft:sheep":3,"minecraft:zombie":1,"minecraft:chicken":2,"minecraft:cow":12},"minecraft:custom":{"minecraft:interact_with_furnace":14,"minecraft:mob_kills":29,"minecraft:interact_with_crafting_table":18,"minecraft:open_barrel":2,"minecraft:leave_game":3,"minecraft:time_since_death":90625,"minecraft:sleep_in_bed":6,"minecraft:climb_one_cm":1090,"minecraft:time_since_rest":8153,"minecraft:sprint_one_cm":260703,"minecraft:damage_taken":1196,"minecraft:walk_one_cm":181611,"minecraft:drop":14,"minecraft:damage_dealt":3216,"minecraft:swim_one_cm":59215,"minecraft:fly_one_cm":368426,"minecraft:player_kills":1,"minecraft:open_chest":20,"minecraft:crouch_one_cm":34667,"minecraft:play_time":101682,"minecraft:deaths":2,"minecraft:sneak_time":10322,"minecraft:walk_under_water_one_cm":11353,"minecraft:boat_one_cm":279552,"minecraft:jump":1846,"minecraft:walk_on_water_one_cm":22259,"minecraft:total_world_time":101682,"minecraft:fall_one_cm":51511},"minecraft:used":{"minecraft:cooked_mutton":5,"minecraft:stone_sword":79,"minecraft:spruce_door":2,"minecraft:stone_pickaxe":252,"minecraft:chest":3,"minecraft:wooden_pickaxe":16,"minecraft:blue_bed":1,"minecraft:rotten_flesh":2,"minecraft:crafting_table":5,"minecraft:white_bed":6,"minecraft:spruce_log":3,"minecraft:bread":4,"minecraft:stone_axe":226,"minecraft:cobblestone":78,"minecraft:sweet_berries":66,"minecraft:furnace":3,"minecraft:egg":1,"minecraft:brush":8,"minecraft:coarse_dirt":3}},"DataVersion":3953}