{"stats":{"minecraft:broken":{"minecraft:stone_pickaxe":5,"minecraft:brush":4,"minecraft:stone_axe":2,"minecraft:iron_pickaxe":1,"minecraft:stone_shovel":1},"minecraft:crafted":{"minecraft:cherry_planks":16,"minecraft:oak_planks":16,"minecraft:smooth_stone":3,"minecraft:stone_shovel":8,"minecraft:spyglass":1,"minecraft:furnace":4,"minecraft:blast_furnace":1,"minecraft:stone":79,"minecraft:cooked_mutton":39,"minecraft:hopper":6,"minecraft:stone_pickaxe":28,"minecraft:chest":17,"minecraft:dark_oak_planks":32,"minecraft:smoker":1,"minecraft:cooked_beef":37,"minecraft:cooked_porkchop":34,"minecraft:map":1,"minecraft:crafting_table":1,"minecraft:spruce_planks":144,"minecraft:wooden_pickaxe":1,"minecraft:brush":4,"minecraft:spruce_door":3,"minecraft:blue_bed":1,"minecraft:copper_ingot":8,"minecraft:birch_planks":16,"minecraft:stone_axe":2,"minecraft:air":0,"minecraft:jungle_planks":16,"minecraft:blue_dye":1,"minecraft:paper":27,"minecraft:shield":1,"minecraft:stick":32,"minecraft:iron_ingot":82,"minecraft:iron_pickaxe":2,"minecraft:stone_sword":1,"minecraft:acacia_planks":16,"minecraft:torch":16},"minecraft:dropped":{"minecraft:wheat_seeds":3,"minecraft:stick":88,"minecraft:dirt":5,"minecraft:sweet_berries":28,"minecraft:iron_nugget":9,"minecraft:stone_shovel":7,"minecraft:chicken":2,"minecraft:spruce_planks":3,"minecraft:wooden_pickaxe":1,"minecraft:stone_pickaxe":25},"minecraft:mined":{"minecraft:diamond_ore":3,"minecraft:white_bed":6,"minecraft:dark_oak_leaves":6,"minecraft:deepslate_diamond_ore":1,"minecraft:jungle_leaves":71,"minecraft:dark_oak_log":84,"minecraft:granite":2,"minecraft:acacia_log":5,"minecraft:grass_block":167,"minecraft:jungle_log":21,"minecraft:spruce_leaves":30,"minecraft:hay_block":59,"minecraft:furnace":3,"minecraft:iron_ore":91,"minecraft:cobbled_deepslate":1,"minecraft:andesite":2,"minecraft:bell":1,"minecraft:deepslate_iron_ore":11,"minecraft:vine":1,"minecraft:stone":608,"minecraft:podzol":1,"minecraft:acacia_leaves":10,"minecraft:brown_mushroom":1,"minecraft:amethyst_cluster":5,"minecraft:spruce_door":23,"minecraft:crafting_table":4,"minecraft:cornflower":1,"minecraft:short_grass":31,"minecraft:calcite":2,"minecraft:melon":5,"minecraft:chest":3,"minecraft:tall_grass":9,"minecraft:copper_ore":40,"minecraft:cobblestone":47,"minecraft:lapis_ore":2,"minecraft:deepslate_gold_ore":5,"minecraft:sugar_cane":42,"minecraft:amethyst_block":4,"minecraft:blue_bed":1,"minecraft:seagrass":1,"minecraft:coarse_dirt":3,"minecraft:birch_log":19,"minecraft:sweet_berry_bush":4,"minecraft:spruce_log":146,"minecraft:birch_leaves":37,"minecraft:coal_ore":201,"minecraft:cherry_leaves":2,"minecraft:gravel":8,"minecraft:sand":2,"minecraft:dirt":125,"minecraft:smooth_basalt":5,"minecraft:stonecutter":1,"minecraft:stone_bricks":10,"minecraft:netherrack":7,"minecraft:gold_ore":2,"minecraft:oak_leaves":3,"minecraft:deepslate":7,"minecraft:fern":6},"minecraft:picked_up":{"minecraft:crafting_table":5,"minecraft:coarse_dirt":4,"minecraft:wheat":7,"minecraft:chicken":2,"minecraft:clay_ball":20,"minecraft:wooden_pickaxe":1,"minecraft:shield":1,"minecraft:amethyst_block":4,"minecraft:cornflower":1,"minecraft:string":3,"minecraft:red_bed":1,"minecraft:raw_copper":173,"minecraft:cobbled_deepslate":14,"minecraft:spruce_planks":48,"minecraft:beef":43,"minecraft:calcite":2,"minecraft:iron_nugget":10,"minecraft:iron_pickaxe":1,"minecraft:melon_slice":17,"minecraft:sugar_cane":76,"minecraft:chest":3,"minecraft:birch_sapling":1,"minecraft:furnace":3,"minecraft:egg":1,"minecraft:dark_oak_sapling":1,"minecraft:stick":88,"minecraft:raw_iron":110,"minecraft:copper_ingot":1,"minecraft:torch":10,"minecraft:acacia_log":5,"minecraft:porkchop":18,"minecraft:golden_chestplate":1,"minecraft:stone_sword":2,"minecraft:arrow":2,"minecraft:rotten_flesh":11,"minecraft:hay_block":58,"minecraft:armadillo_scute":18,"minecraft:mutton":6,"minecraft:cobblestone":993,"minecraft:white_wool":3,"minecraft:birch_log":19,"minecraft:feather":4,"minecraft:cooked_beef":37,"minecraft:andesite":2,"minecraft:water_bucket":2,"minecraft:jungle_log":21,"minecraft:leather":12,"minecraft:filled_map":2,"minecraft:flint":5,"minecraft:lapis_lazuli":13,"minecraft:dirt":702,"minecraft:blue_bed":1,"minecraft:paper":19,"minecraft:cooked_mutton":5,"minecraft:stone_bricks":66,"minecraft:stonecutter":1,"minecraft:wheat_seeds":12,"minecraft:raw_gold":8,"minecraft:bell":1,"minecraft:stone_pickaxe":4,"minecraft:bamboo":4,"minecraft:acacia_sapling":2,"minecraft:smooth_basalt":5,"minecraft:cooked_porkchop":27,"minecraft:sweet_berries":94,"minecraft:amethyst_shard":20,"minecraft:gravel":6,"minecraft:sand":3,"minecraft:spruce_sapling":17,"minecraft:white_bed":7,"minecraft:spruce_log":163,"minecraft:spruce_door":52,"minecraft:dark_oak_log":84,"minecraft:spider_eye":1,"minecraft:diamond":4,"minecraft:stone_axe":2,"minecraft:granite":1,"minecraft:netherrack":4,"minecraft:black_wool":1,"minecraft:coal":279,"minecraft:sunflower":2},"minecraft:killed_by":{"minecraft:player":1,"minecraft:skeleton":1,"minecraft:zombie":1},"minecraft:killed":{"minecraft:spider":2,"minecraft:skeleton":1,"minecraft:chicken":2,"minecraft:pig":11,"minecraft:sheep":4,"minecraft:zombie":5,"minecraft:cow":12},"minecraft:custom":{"minecraft:mob_kills":37,"minecraft:inspect_hopper":6,"minecraft:interact_with_crafting_table":63,"minecraft:open_barrel":2,"minecraft:bell_ring":20,"minecraft:leave_game":5,"minecraft:time_since_death":28364,"minecraft:climb_one_cm":1090,"minecraft:sprint_one_cm":483507,"minecraft:walk_one_cm":490385,"minecraft:damage_blocked_by_shield":150,"minecraft:drop":44,"minecraft:play_time":262670,"minecraft:sneak_time":27431,"minecraft:deaths":3,"minecraft:walk_under_water_one_cm":99427,"minecraft:boat_one_cm":279552,"minecraft:jump":3228,"minecraft:interact_with_blast_furnace":6,"minecraft:walk_on_water_one_cm":66223,"minecraft:total_world_time":262670,"minecraft:interact_with_furnace":55,"minecraft:interact_with_stonecutter":9,"minecraft:sleep_in_bed":20,"minecraft:time_since_rest":11419,"minecraft:damage_taken":2621,"minecraft:damage_dealt":4411,"minecraft:player_kills":1,"minecraft:swim_one_cm":621595,"minecraft:fly_one_cm":615690,"minecraft:open_chest":145,"minecraft:crouch_one_cm":84037,"minecraft:interact_with_smoker":2,"minecraft:fall_one_cm":66199},"minecraft:used":{"minecraft:stone_sword":101,"minecraft:stone_shovel":132,"minecraft:chest":12,"minecraft:shield":3,"minecraft:stone":1,"minecraft:bell":1,"minecraft:rotten_flesh":2,"minecraft:torch":17,"minecraft:dirt":295,"minecraft:hopper":5,"minecraft:granite":1,"minecraft:jungle_log":2,"minecraft:stone_bricks":328,"minecraft:sweet_berries":66,"minecraft:furnace":6,"minecraft:egg":1,"minecraft:cobbled_deepslate":2,"minecraft:calcite":2,"minecraft:cooked_mutton":5,"minecraft:water_bucket":12,"minecraft:spruce_door":51,"minecraft:stone_pickaxe":654,"minecraft:wooden_pickaxe":16,"minecraft:stonecutter":1,"minecraft:blue_bed":2,"minecraft:crafting_table":5,"minecraft:red_bed":1,"minecraft:blast_furnace":1,"minecraft:white_bed":6,"minecraft:spruce_log":3,"minecraft:smoker":1,"minecraft:black_wool":1,"minecraft:sunflower":2,"minecraft:iron_pickaxe":393,"minecraft:bread":7,"minecraft:map":1,"minecraft:gravel":1,"minecraft:stone_axe":257,"minecraft:cobblestone":452,"minecraft:cooked_porkchop":15,"minecraft:bucket":12,"minecraft:andesite":1,"minecraft:brush":8,"minecraft:coarse_dirt":3}},"DataVersion":3953}