{"stats":{"minecraft:broken":{"minecraft:stone_pickaxe":4,"minecraft:brush":4,"minecraft:stone_axe":1,"minecraft:iron_pickaxe":1},"minecraft:crafted":{"minecraft:cherry_planks":16,"minecraft:smooth_stone":3,"minecraft:oak_planks":16,"minecraft:stone_shovel":8,"minecraft:furnace":1,"minecraft:blast_furnace":1,"minecraft:stone":29,"minecraft:cooked_mutton":39,"minecraft:hopper":2,"minecraft:stone_pickaxe":28,"minecraft:chest":11,"minecraft:dark_oak_planks":32,"minecraft:cooked_beef":37,"minecraft:cooked_porkchop":34,"minecraft:crafting_table":1,"minecraft:spruce_planks":96,"minecraft:wooden_pickaxe":1,"minecraft:brush":4,"minecraft:spruce_door":3,"minecraft:blue_bed":1,"minecraft:copper_ingot":8,"minecraft:birch_planks":16,"minecraft:stone_axe":2,"minecraft:air":0,"minecraft:jungle_planks":16,"minecraft:blue_dye":1,"minecraft:shield":1,"minecraft:stick":32,"minecraft:iron_pickaxe":2,"minecraft:iron_ingot":16,"minecraft:stone_sword":1,"minecraft:acacia_planks":16,"minecraft:torch":16},"minecraft:dropped":{"minecraft:wheat_seeds":3,"minecraft:stick":88,"minecraft:dirt":5,"minecraft:sweet_berries":28,"minecraft:iron_nugget":9,"minecraft:stone_shovel":7,"minecraft:chicken":2,"minecraft:spruce_planks":3,"minecraft:wooden_pickaxe":1,"minecraft:stone_pickaxe":25},"minecraft:mined":{"minecraft:diamond_ore":3,"minecraft:white_bed":6,"minecraft:dark_oak_leaves":6,"minecraft:deepslate_diamond_ore":1,"minecraft:dark_oak_log":84,"minecraft:jungle_leaves":71,"minecraft:granite":1,"minecraft:acacia_log":5,"minecraft:grass_block":114,"minecraft:jungle_log":21,"minecraft:spruce_leaves":30,"minecraft:hay_block":59,"minecraft:furnace":3,"minecraft:iron_ore":48,"minecraft:andesite":2,"minecraft:bell":1,"minecraft:deepslate_iron_ore":10,"minecraft:vine":1,"minecraft:stone":597,"minecraft:podzol":1,"minecraft:acacia_leaves":10,"minecraft:brown_mushroom":1,"minecraft:spruce_door":6,"minecraft:crafting_table":4,"minecraft:cornflower":1,"minecraft:short_grass":31,"minecraft:melon":5,"minecraft:chest":3,"minecraft:tall_grass":9,"minecraft:copper_ore":36,"minecraft:cobblestone":45,"minecraft:deepslate_gold_ore":5,"minecraft:sugar_cane":26,"minecraft:blue_bed":1,"minecraft:seagrass":1,"minecraft:coarse_dirt":3,"minecraft:birch_log":19,"minecraft:sweet_berry_bush":4,"minecraft:spruce_log":146,"minecraft:birch_leaves":37,"minecraft:coal_ore":126,"minecraft:sand":1,"minecraft:gravel":8,"minecraft:dirt":88,"minecraft:stonecutter":1,"minecraft:stone_bricks":3,"minecraft:netherrack":7,"minecraft:gold_ore":1,"minecraft:oak_leaves":3,"minecraft:deepslate":7,"minecraft:fern":6},"minecraft:picked_up":{"minecraft:crafting_table":5,"minecraft:coarse_dirt":4,"minecraft:chicken":2,"minecraft:clay_ball":20,"minecraft:wooden_pickaxe":1,"minecraft:cornflower":1,"minecraft:string":3,"minecraft:red_bed":1,"minecraft:raw_copper":159,"minecraft:cobbled_deepslate":7,"minecraft:spruce_planks":48,"minecraft:beef":43,"minecraft:iron_nugget":10,"minecraft:melon_slice":17,"minecraft:sugar_cane":49,"minecraft:chest":3,"minecraft:birch_sapling":1,"minecraft:egg":1,"minecraft:furnace":3,"minecraft:dark_oak_sapling":1,"minecraft:stick":87,"minecraft:raw_iron":59,"minecraft:copper_ingot":1,"minecraft:acacia_log":5,"minecraft:porkchop":18,"minecraft:stone_sword":1,"minecraft:rotten_flesh":7,"minecraft:hay_block":58,"minecraft:armadillo_scute":18,"minecraft:mutton":6,"minecraft:white_wool":3,"minecraft:cobblestone":876,"minecraft:birch_log":19,"minecraft:feather":4,"minecraft:water_bucket":1,"minecraft:andesite":2,"minecraft:jungle_log":21,"minecraft:leather":12,"minecraft:flint":5,"minecraft:blue_bed":1,"minecraft:dirt":533,"minecraft:cooked_mutton":5,"minecraft:stone_bricks":3,"minecraft:stonecutter":1,"minecraft:wheat_seeds":9,"minecraft:raw_gold":6,"minecraft:bell":1,"minecraft:stone_pickaxe":3,"minecraft:bamboo":4,"minecraft:acacia_sapling":2,"minecraft:cooked_porkchop":2,"minecraft:sweet_berries":94,"minecraft:gravel":6,"minecraft:sand":1,"minecraft:spruce_sapling":17,"minecraft:white_bed":7,"minecraft:spruce_log":163,"minecraft:spider_eye":1,"minecraft:dark_oak_log":84,"minecraft:spruce_door":23,"minecraft:diamond":4,"minecraft:stone_axe":1,"minecraft:granite":1,"minecraft:black_wool":1,"minecraft:netherrack":4,"minecraft:coal":199},"minecraft:killed_by":{"minecraft:player":1,"minecraft:skeleton":1},"minecraft:killed":{"minecraft:spider":2,"minecraft:chicken":2,"minecraft:pig":11,"minecraft:sheep":4,"minecraft:zombie":3,"minecraft:cow":12},"minecraft:custom":{"minecraft:mob_kills":34,"minecraft:inspect_hopper":4,"minecraft:interact_with_crafting_table":52,"minecraft:open_barrel":2,"minecraft:bell_ring":20,"minecraft:leave_game":4,"minecraft:time_since_death":204494,"minecraft:climb_one_cm":1090,"minecraft:sprint_one_cm":424077,"minecraft:walk_one_cm":431122,"minecraft:damage_blocked_by_shield":150,"minecraft:drop":44,"minecraft:play_time":215551,"minecraft:deaths":2,"minecraft:sneak_time":25054,"minecraft:walk_under_water_one_cm":61850,"minecraft:boat_one_cm":279552,"minecraft:jump":2797,"minecraft:interact_with_blast_furnace":1,"minecraft:walk_on_water_one_cm":49669,"minecraft:total_world_time":215551,"minecraft:interact_with_furnace":38,"minecraft:interact_with_stonecutter":5,"minecraft:sleep_in_bed":17,"minecraft:time_since_rest":2743,"minecraft:damage_taken":1706,"minecraft:damage_dealt":3955,"minecraft:fly_one_cm":564874,"minecraft:swim_one_cm":301306,"minecraft:player_kills":1,"minecraft:open_chest":101,"minecraft:crouch_one_cm":82888,"minecraft:fall_one_cm":57227},"minecraft:used":{"minecraft:stone_sword":97,"minecraft:stone_shovel":64,"minecraft:chest":12,"minecraft:shield":3,"minecraft:stone":1,"minecraft:bell":1,"minecraft:rotten_flesh":2,"minecraft:torch":7,"minecraft:dirt":289,"minecraft:hopper":2,"minecraft:granite":1,"minecraft:jungle_log":2,"minecraft:stone_bricks":125,"minecraft:sweet_berries":66,"minecraft:furnace":4,"minecraft:egg":1,"minecraft:cooked_mutton":5,"minecraft:spruce_door":23,"minecraft:stone_pickaxe":622,"minecraft:wooden_pickaxe":16,"minecraft:stonecutter":1,"minecraft:blue_bed":2,"minecraft:crafting_table":5,"minecraft:red_bed":1,"minecraft:blast_furnace":1,"minecraft:white_bed":6,"minecraft:spruce_log":3,"minecraft:black_wool":1,"minecraft:bread":7,"minecraft:iron_pickaxe":260,"minecraft:gravel":1,"minecraft:stone_axe":240,"minecraft:cobblestone":421,"minecraft:cooked_porkchop":7,"minecraft:andesite":1,"minecraft:brush":8,"minecraft:coarse_dirt":3}},"DataVersion":3953}