{"stats":{"minecraft:mined":{"minecraft:short_grass":4,"minecraft:spruce_leaves":8,"minecraft:spruce_log":34,"minecraft:fern":2},"minecraft:killed_by":{"minecraft:skeleton":1},"minecraft:custom":{"minecraft:time_since_rest":4402,"minecraft:crouch_one_cm":115,"minecraft:play_time":5577,"minecraft:sprint_one_cm":5293,"minecraft:walk_one_cm":12249,"minecraft:damage_taken":250,"minecraft:deaths":1,"minecraft:sneak_time":28,"minecraft:jump":39,"minecraft:damage_dealt":118,"minecraft:leave_game":1,"minecraft:time_since_death":3884,"minecraft:total_world_time":5577,"minecraft:fly_one_cm":3337,"minecraft:fall_one_cm":824},"minecraft:crafted":{"minecraft:crafting_table":1,"minecraft:spruce_planks":56,"minecraft:stick":4},"minecraft:picked_up":{"minecraft:stick":5,"minecraft:rotten_flesh":2,"minecraft:wheat_seeds":1,"minecraft:spruce_sapling":3,"minecraft:spruce_log":15}},"DataVersion":3953}