{"stats":{"minecraft:broken":{"minecraft:stone_sword":1,"minecraft:stone_pickaxe":5,"minecraft:brush":4,"minecraft:stone_axe":3,"minecraft:iron_pickaxe":6,"minecraft:stone_shovel":1},"minecraft:custom":{"minecraft:mob_kills":50,"minecraft:inspect_hopper":10,"minecraft:interact_with_crafting_table":118,"minecraft:open_barrel":2,"minecraft:bell_ring":20,"minecraft:leave_game":10,"minecraft:time_since_death":338862,"minecraft:climb_one_cm":7206,"minecraft:sprint_one_cm":1267792,"minecraft:walk_one_cm":1307541,"minecraft:damage_blocked_by_shield":273,"minecraft:drop":46,"minecraft:talked_to_villager":7,"minecraft:play_time":573168,"minecraft:sneak_time":59994,"minecraft:deaths":3,"minecraft:walk_under_water_one_cm":145301,"minecraft:boat_one_cm":279552,"minecraft:jump":7121,"minecraft:interact_with_blast_furnace":16,"minecraft:walk_on_water_one_cm":111411,"minecraft:total_world_time":573168,"minecraft:interact_with_furnace":99,"minecraft:traded_with_villager":1,"minecraft:interact_with_stonecutter":41,"minecraft:sleep_in_bed":31,"minecraft:time_since_rest":5481,"minecraft:damage_taken":5567,"minecraft:damage_dealt":7628,"minecraft:player_kills":3,"minecraft:swim_one_cm":878743,"minecraft:fly_one_cm":1328822,"minecraft:open_chest":312,"minecraft:crouch_one_cm":189449,"minecraft:interact_with_smoker":7,"minecraft:fall_one_cm":127431},"minecraft:used":{"minecraft:cherry_sapling":3,"minecraft:iron_bars":28,"minecraft:stone_sword":187,"minecraft:iron_shovel":25,"minecraft:stone_shovel":132,"minecraft:chest":17,"minecraft:spruce_planks":179,"minecraft:shield":6,"minecraft:stone":1,"minecraft:bell":1,"minecraft:rotten_flesh":8,"minecraft:torch":148,"minecraft:dirt":405,"minecraft:spyglass":41,"minecraft:hopper":7,"minecraft:stone_stairs":19,"minecraft:tuff":2,"minecraft:granite":6,"minecraft:spruce_fence":26,"minecraft:dark_oak_planks":104,"minecraft:glass":24,"minecraft:stone_brick_slab":224,"minecraft:birch_sapling":1,"minecraft:jungle_log":2,"minecraft:dark_oak_slab":36,"minecraft:stone_brick_stairs":23,"minecraft:stone_bricks":1375,"minecraft:scaffolding":88,"minecraft:sweet_berries":66,"minecraft:furnace":6,"minecraft:deepslate_tile_stairs":8,"minecraft:egg":1,"minecraft:cooked_beef":26,"minecraft:cobbled_deepslate":2,"minecraft:calcite":2,"minecraft:cooked_mutton":5,"minecraft:water_bucket":236,"minecraft:dark_oak_stairs":37,"minecraft:cobblestone_stairs":171,"minecraft:spruce_door":93,"minecraft:birch_planks":123,"minecraft:stone_pickaxe":654,"minecraft:cactus":1,"minecraft:blue_bed":3,"minecraft:wooden_pickaxe":16,"minecraft:cherry_planks":133,"minecraft:stonecutter":1,"minecraft:white_wool":1,"minecraft:sand":2,"minecraft:crafting_table":5,"minecraft:red_bed":1,"minecraft:blast_furnace":1,"minecraft:white_bed":6,"minecraft:spruce_log":3,"minecraft:smoker":1,"minecraft:deepslate_tile_wall":89,"minecraft:black_wool":1,"minecraft:iron_pickaxe":1540,"minecraft:map":1,"minecraft:sunflower":2,"minecraft:bread":7,"minecraft:spruce_trapdoor":80,"minecraft:gravel":1,"minecraft:stone_axe":443,"minecraft:cherry_stairs":82,"minecraft:cobblestone":628,"minecraft:dark_oak_fence":34,"minecraft:cooked_porkchop":36,"minecraft:andesite":33,"minecraft:bucket":236,"minecraft:brush":8,"minecraft:birch_stairs":80,"minecraft:coarse_dirt":3},"minecraft:killed_by":{"minecraft:player":1,"minecraft:skeleton":1,"minecraft:zombie":1},"minecraft:dropped":{"minecraft:wheat_seeds":3,"minecraft:stick":88,"minecraft:dirt":5,"minecraft:stone_axe":1,"minecraft:sweet_berries":28,"minecraft:iron_nugget":9,"minecraft:stone_shovel":7,"minecraft:chicken":2,"minecraft:filled_map":1,"minecraft:spruce_planks":3,"minecraft:stone_pickaxe":25,"minecraft:wooden_pickaxe":1},"minecraft:picked_up":{"minecraft:coarse_dirt":4,"minecraft:crafting_table":5,"minecraft:wheat":7,"minecraft:chicken":2,"minecraft:clay_ball":20,"minecraft:wooden_pickaxe":1,"minecraft:stone_brick_stairs":3,"minecraft:shield":2,"minecraft:amethyst_block":4,"minecraft:stone_stairs":3,"minecraft:cornflower":1,"minecraft:dark_oak_pressure_plate":2,"minecraft:string":6,"minecraft:red_bed":1,"minecraft:raw_copper":173,"minecraft:cobbled_deepslate":102,"minecraft:spruce_planks":60,"minecraft:beef":43,"minecraft:calcite":2,"minecraft:iron_nugget":10,"minecraft:iron_pickaxe":1,"minecraft:deepslate_tile_wall":1,"minecraft:melon_slice":17,"minecraft:sugar_cane":76,"minecraft:chest":4,"minecraft:birch_sapling":8,"minecraft:spruce_trapdoor":12,"minecraft:furnace":3,"minecraft:egg":1,"minecraft:dark_oak_sapling":1,"minecraft:stick":105,"minecraft:raw_iron":184,"minecraft:cherry_stairs":4,"minecraft:copper_ingot":2,"minecraft:torch":39,"minecraft:acacia_log":5,"minecraft:spruce_fence":2,"minecraft:porkchop":18,"minecraft:cherry_log":52,"minecraft:deepslate_tile_stairs":4,"minecraft:golden_chestplate":1,"minecraft:dark_oak_planks":26,"minecraft:stone_sword":2,"minecraft:arrow":2,"minecraft:rotten_flesh":20,"minecraft:hay_block":58,"minecraft:armadillo_scute":18,"minecraft:mutton":7,"minecraft:iron_bars":8,"minecraft:white_wool":4,"minecraft:cobblestone":1870,"minecraft:birch_log":44,"minecraft:feather":4,"minecraft:cooked_beef":37,"minecraft:cherry_planks":27,"minecraft:andesite":34,"minecraft:water_bucket":2,"minecraft:jungle_log":21,"minecraft:leather":12,"minecraft:filled_map":2,"minecraft:birch_planks":19,"minecraft:flint":5,"minecraft:tuff":2,"minecraft:cobblestone_stairs":47,"minecraft:lapis_lazuli":13,"minecraft:blue_bed":2,"minecraft:dirt":817,"minecraft:paper":19,"minecraft:cooked_mutton":5,"minecraft:stone_bricks":296,"minecraft:stonecutter":1,"minecraft:bow":1,"minecraft:wheat_seeds":12,"minecraft:raw_gold":12,"minecraft:bell":1,"minecraft:stone_pickaxe":4,"minecraft:bamboo":218,"minecraft:acacia_sapling":2,"minecraft:dark_oak_stairs":5,"minecraft:scaffolding":76,"minecraft:smooth_basalt":5,"minecraft:dark_oak_slab":2,"minecraft:cooked_porkchop":27,"minecraft:sweet_berries":94,"minecraft:stone_brick_slab":32,"minecraft:gravel":7,"minecraft:birch_stairs":2,"minecraft:sand":27,"minecraft:amethyst_shard":20,"minecraft:spruce_sapling":19,"minecraft:white_bed":7,"minecraft:spruce_log":163,"minecraft:spruce_door":84,"minecraft:dark_oak_log":84,"minecraft:spider_eye":2,"minecraft:diamond":4,"minecraft:stone_axe":3,"minecraft:granite":6,"minecraft:cherry_sapling":13,"minecraft:netherrack":4,"minecraft:black_wool":1,"minecraft:coal":419,"minecraft:hopper":1,"minecraft:sunflower":2},"minecraft:crafted":{"minecraft:cherry_planks":232,"minecraft:smooth_stone":3,"minecraft:oak_planks":16,"minecraft:stone_shovel":8,"minecraft:cactus":1,"minecraft:spyglass":1,"minecraft:furnace":4,"minecraft:blast_furnace":1,"minecraft:stone":108,"minecraft:spruce_fence":24,"minecraft:cooked_mutton":39,"minecraft:iron_bars":32,"minecraft:scaffolding":36,"minecraft:glass":24,"minecraft:hopper":6,"minecraft:dark_oak_fence":36,"minecraft:iron_boots":1,"minecraft:cherry_stairs":84,"minecraft:stone_pickaxe":28,"minecraft:chest":19,"minecraft:dark_oak_planks":240,"minecraft:smoker":1,"minecraft:cooked_beef":37,"minecraft:cooked_porkchop":34,"minecraft:dark_oak_stairs":40,"minecraft:map":1,"minecraft:crafting_table":1,"minecraft:spruce_planks":640,"minecraft:iron_helmet":1,"minecraft:wooden_pickaxe":1,"minecraft:brush":4,"minecraft:spruce_door":12,"minecraft:blue_bed":1,"minecraft:copper_ingot":8,"minecraft:birch_planks":260,"minecraft:stone_axe":4,"minecraft:air":0,"minecraft:jungle_planks":16,"minecraft:blue_dye":1,"minecraft:spruce_trapdoor":68,"minecraft:dark_oak_slab":42,"minecraft:paper":27,"minecraft:shield":1,"minecraft:stick":113,"minecraft:iron_ingot":170,"minecraft:iron_pickaxe":7,"minecraft:stone_sword":2,"minecraft:iron_shovel":1,"minecraft:deepslate_tile_stairs":2,"minecraft:iron_leggings":1,"minecraft:acacia_planks":16,"minecraft:torch":120,"minecraft:birch_stairs":80},"minecraft:killed":{"minecraft:spider":4,"minecraft:skeleton":2,"minecraft:chicken":2,"minecraft:drowned":1,"minecraft:pig":11,"minecraft:sheep":5,"minecraft:zombie":12,"minecraft:cow":12},"minecraft:mined":{"minecraft:dark_oak_planks":26,"minecraft:diamond_ore":3,"minecraft:tuff":2,"minecraft:white_bed":6,"minecraft:spruce_planks":12,"minecraft:dark_oak_leaves":6,"minecraft:deepslate_diamond_ore":1,"minecraft:cobblestone_stairs":47,"minecraft:cherry_log":52,"minecraft:jungle_leaves":71,"minecraft:dark_oak_log":84,"minecraft:spruce_trapdoor":12,"minecraft:dark_oak_pressure_plate":2,"minecraft:granite":8,"minecraft:acacia_log":5,"minecraft:deepslate_tile_wall":1,"minecraft:spruce_fence":2,"minecraft:grass_block":187,"minecraft:jungle_log":21,"minecraft:spruce_leaves":36,"minecraft:deepslate_tile_stairs":4,"minecraft:hopper":1,"minecraft:hay_block":59,"minecraft:spruce_sapling":2,"minecraft:furnace":3,"minecraft:iron_ore":141,"minecraft:cobbled_deepslate":1,"minecraft:andesite":33,"minecraft:dark_oak_stairs":5,"minecraft:bell":1,"minecraft:vine":1,"minecraft:deepslate_iron_ore":36,"minecraft:iron_bars":8,"minecraft:bamboo":18,"minecraft:stone":934,"minecraft:cherry_stairs":4,"minecraft:podzol":1,"minecraft:scaffolding":55,"minecraft:birch_stairs":2,"minecraft:brown_mushroom":1,"minecraft:acacia_leaves":10,"minecraft:cherry_planks":28,"minecraft:amethyst_cluster":5,"minecraft:stone_brick_slab":34,"minecraft:spruce_door":48,"minecraft:cornflower":1,"minecraft:torch":4,"minecraft:crafting_table":4,"minecraft:short_grass":32,"minecraft:calcite":2,"minecraft:melon":5,"minecraft:chest":4,"minecraft:copper_ore":40,"minecraft:tall_grass":9,"minecraft:cobblestone":282,"minecraft:deepslate_gold_ore":9,"minecraft:lapis_ore":2,"minecraft:sugar_cane":42,"minecraft:blue_bed":2,"minecraft:wall_torch":9,"minecraft:amethyst_block":4,"minecraft:seagrass":1,"minecraft:stone_stairs":3,"minecraft:birch_planks":19,"minecraft:coarse_dirt":3,"minecraft:dark_oak_slab":1,"minecraft:birch_log":44,"minecraft:sweet_berry_bush":4,"minecraft:spruce_log":146,"minecraft:birch_leaves":39,"minecraft:stone_brick_stairs":3,"minecraft:coal_ore":342,"minecraft:gravel":9,"minecraft:dirt":220,"minecraft:cherry_leaves":19,"minecraft:sand":27,"minecraft:smooth_basalt":5,"minecraft:stonecutter":1,"minecraft:stone_bricks":176,"minecraft:netherrack":7,"minecraft:gold_ore":2,"minecraft:oak_leaves":3,"minecraft:deepslate":67,"minecraft:fern":6}},"DataVersion":3953}