{"stats":{"minecraft:mined":{"minecraft:smithing_table":1,"quark:yellow_blossom_leaves":93,"paraglider:rito_goddess_statue":1,"minecraft:dandelion":22,"minecraft:mangrove_roots":1,"minecraft:crafting_table":5,"minecraft:cornflower":1,"minecraft:jungle_stairs":1,"minecraft:grass_block":8,"quark:blossom_door":1,"quark:blossom_log":86,"minecraft:tall_grass":7,"minecraft:cobblestone":5,"minecraft:oxeye_daisy":2,"quark:hollow_birch_log":4,"minecraft:hay_block":40,"minecraft:iron_ore":32,"quark:blossom_planks":12,"minecraft:moss_carpet":2,"minecraft:mangrove_planks":2,"minecraft:mangrove_leaves":6,"minecraft:azure_bluet":3,"minecraft:grass":114,"minecraft:coal_ore":36,"minecraft:gravel":4,"minecraft:dirt":7,"minecraft:sunflower":31,"minecraft:mangrove_log":5,"minecraft:bamboo":1,"minecraft:stone":46,"minecraft:gold_ore":3,"minecraft:oak_leaves":8,"minecraft:orange_bed":1},"minecraft:killed":{"minecraft:husk":2,"minecraft:creeper":2,"minecraft:sheep":5,"minecraft:zombie":1,"minecraft:tropical_fish":6,"minecraft:cow":6},"minecraft:crafted":{"minecraft:cooked_beef":12,"quark:blossom_planks":88,"minecraft:wooden_pickaxe":1,"minecraft:furnace":1,"minecraft:mangrove_boat":1,"minecraft:mangrove_planks":28,"minecraft:bucket":1,"minecraft:stone_axe":1,"minecraft:bread":15,"minecraft:air":0,"minecraft:shield":1,"minecraft:stick":12,"minecraft:iron_pickaxe":1,"minecraft:iron_ingot":16,"minecraft:stone_pickaxe":1,"minecraft:wooden_axe":1,"minecraft:stone_sword":1,"quark:blossom_door":3,"minecraft:white_bed":1,"quark:mangrove_chest":1,"minecraft:wheat":45},"minecraft:used":{"minecraft:mangrove_boat":1,"quark:blossom_log":14,"minecraft:water_bucket":11,"minecraft:moss_carpet":2,"minecraft:diorite":3,"minecraft:stone_sword":48,"minecraft:tropical_fish":5,"minecraft:stone_pickaxe":104,"minecraft:mangrove_planks":4,"minecraft:jungle_fence":1,"minecraft:wooden_pickaxe":16,"minecraft:rotten_flesh":4,"quark:mangrove_chest":1,"minecraft:orange_bed":1,"minecraft:dirt":14,"minecraft:crafting_table":5,"minecraft:white_bed":1,"minecraft:azure_bluet":3,"minecraft:wooden_axe":1,"minecraft:cornflower":1,"minecraft:oxeye_daisy":2,"minecraft:sunflower":7,"quark:blossom_door":3,"minecraft:bread":9,"minecraft:iron_pickaxe":3,"minecraft:jungle_stairs":1,"minecraft:stone_axe":113,"paraglider:rito_goddess_statue":1,"minecraft:cobblestone":14,"minecraft:mangrove_roots":2,"minecraft:furnace":1,"minecraft:oak_sapling":1,"minecraft:bucket":11,"quark:blossom_planks":84,"minecraft:dandelion":4},"minecraft:custom":{"minecraft:interact_with_furnace":4,"minecraft:mob_kills":22,"minecraft:interact_with_crafting_table":12,"minecraft:leave_game":3,"minecraft:time_since_death":61007,"minecraft:sleep_in_bed":5,"minecraft:climb_one_cm":2153,"minecraft:time_since_rest":5284,"minecraft:sprint_one_cm":75306,"minecraft:damage_taken":436,"minecraft:walk_one_cm":161347,"minecraft:damage_dealt":2446,"minecraft:swim_one_cm":34470,"minecraft:fly_one_cm":159371,"minecraft:open_chest":21,"minecraft:crouch_one_cm":17589,"minecraft:play_time":61007,"minecraft:sneak_time":8026,"minecraft:walk_under_water_one_cm":12988,"minecraft:boat_one_cm":141465,"minecraft:jump":1002,"minecraft:walk_on_water_one_cm":12099,"minecraft:total_world_time":61007,"minecraft:fall_one_cm":22084},"minecraft:picked_up":{"minecraft:crafting_table":5,"minecraft:azure_bluet":3,"minecraft:leather":4,"minecraft:jungle_fence":1,"minecraft:filled_map":2,"minecraft:gunpowder":1,"minecraft:dirt":14,"minecraft:cornflower":1,"minecraft:string":2,"minecraft:moss_carpet":4,"minecraft:mangrove_boat":1,"quark:blossom_door":1,"paraglider:rito_goddess_statue":1,"minecraft:wheat_seeds":14,"minecraft:raw_gold":3,"minecraft:beef":12,"minecraft:bamboo":8,"minecraft:mangrove_planks":2,"minecraft:mangrove_log":7,"minecraft:stick":2,"minecraft:raw_iron":32,"minecraft:dandelion":22,"minecraft:gravel":4,"quark:blossom_log":69,"minecraft:sand":20,"minecraft:golden_axe":2,"minecraft:diorite":3,"quark:blossom_planks":12,"minecraft:orange_bed":1,"minecraft:rotten_flesh":4,"minecraft:tropical_fish":5,"minecraft:pumpkin_pie":3,"minecraft:jungle_stairs":1,"minecraft:hay_block":37,"minecraft:mangrove_roots":2,"minecraft:oak_sapling":1,"minecraft:coal":36,"minecraft:oxeye_daisy":2,"minecraft:mutton":7,"minecraft:cobblestone":50,"minecraft:white_wool":5,"minecraft:sunflower":31}},"DataVersion":3465}