{
  "paraglider:root": {
    "criteria": {
      "crafting_table": "2024-07-25 15:32:57 +0000"
    },
    "done": true
  },
  "minecraft:story/root": {
    "criteria": {
      "crafting_table": "2024-07-25 15:32:57 +0000"
    },
    "done": true
  },
  "minecraft:adventure/adventuring_time": {
    "criteria": {
      "minecraft:mangrove_swamp": "2024-07-25 15:31:56 +0000",
      "minecraft:desert": "2024-07-25 15:31:27 +0000"
    },
    "done": false
  },
  "dungeons_arise:wda_root": {
    "criteria": {
      "WDA": "2024-07-25 15:31:24 +0000"
    },
    "done": true
  },
  "DataVersion": 3465
}