{
  "dungeons_arise:wda_root": {
    "criteria": {
      "WDA": "2024-07-25 15:51:20 +0000"
    },
    "done": true
  },
  "minecraft:adventure/adventuring_time": {
    "criteria": {
      "minecraft:sunflower_plains": "2024-07-25 16:16:17 +0000",
      "minecraft:beach": "2024-07-25 16:00:23 +0000",
      "minecraft:mangrove_swamp": "2024-07-25 15:52:12 +0000",
      "minecraft:sparse_jungle": "2024-07-25 16:00:21 +0000",
      "minecraft:lukewarm_ocean": "2024-07-25 15:58:51 +0000",
      "minecraft:river": "2024-07-25 16:00:28 +0000",
      "minecraft:forest": "2024-07-25 16:13:37 +0000",
      "minecraft:desert": "2024-07-25 15:51:21 +0000",
      "minecraft:jungle": "2024-07-25 16:00:32 +0000",
      "minecraft:warm_ocean": "2024-07-25 15:57:38 +0000",
      "minecraft:deep_lukewarm_ocean": "2024-07-25 15:58:34 +0000",
      "minecraft:flower_forest": "2024-07-25 16:19:01 +0000",
      "minecraft:savanna": "2024-07-25 16:16:27 +0000",
      "minecraft:plains": "2024-07-25 16:15:09 +0000"
    },
    "done": false
  },
  "minecraft:adventure/root": {
    "criteria": {
      "killed_something": "2024-07-25 15:55:33 +0000"
    },
    "done": true
  },
  "minecraft:husbandry/balanced_diet": {
    "criteria": {
      "tropical_fish": "2024-07-25 15:55:42 +0000",
      "pumpkin_pie": "2024-07-25 16:09:38 +0000",
      "bread": "2024-07-25 16:12:27 +0000"
    },
    "done": false
  },
  "minecraft:husbandry/root": {
    "criteria": {
      "consumed_item": "2024-07-25 15:55:42 +0000"
    },
    "done": true
  },
  "nova_structures:adventure/find_tavern": {
    "criteria": {
      "nova_structures:tavern_jungle": "2024-07-25 16:08:06 +0000"
    },
    "done": true
  },
  "nova_structures:root": {
    "criteria": {
      "nova_structures:adventure/find_tavern": "2024-07-25 16:08:06 +0000"
    },
    "done": true
  },
  "nova_structures:adventure/tavern_quest": {
    "criteria": {
      "open_tavern_chest": "2024-07-25 16:08:33 +0000"
    },
    "done": true
  },
  "minecraft:adventure/sleep_in_bed": {
    "criteria": {
      "slept_in_bed": "2024-07-25 16:09:15 +0000"
    },
    "done": true
  },
  "quark:crawl_in_hollow_log": {
    "criteria": {
      "crawl_in_hollow_log": "2024-07-25 16:14:37 +0000"
    },
    "done": true
  },
  "DataVersion": 3465
}