{
  "dungeons_arise:wda_root": {
    "criteria": {
      "WDA": "2024-07-25 15:50:27 +0000"
    },
    "done": true
  },
  "minecraft:adventure/adventuring_time": {
    "criteria": {
      "minecraft:sunflower_plains": "2024-07-25 16:16:15 +0000",
      "minecraft:beach": "2024-07-25 16:00:23 +0000",
      "minecraft:mangrove_swamp": "2024-07-25 15:52:53 +0000",
      "minecraft:sparse_jungle": "2024-07-25 16:00:20 +0000",
      "minecraft:lukewarm_ocean": "2024-07-25 15:58:51 +0000",
      "minecraft:river": "2024-07-25 16:00:28 +0000",
      "minecraft:forest": "2024-07-25 16:13:36 +0000",
      "minecraft:desert": "2024-07-25 15:50:29 +0000",
      "minecraft:jungle": "2024-07-25 16:00:32 +0000",
      "minecraft:warm_ocean": "2024-07-25 15:57:37 +0000",
      "minecraft:deep_lukewarm_ocean": "2024-07-25 15:58:34 +0000",
      "minecraft:flower_forest": "2024-07-25 16:18:54 +0000",
      "minecraft:savanna": "2024-07-25 16:16:31 +0000",
      "minecraft:plains": "2024-07-25 16:14:26 +0000"
    },
    "done": false
  },
  "minecraft:adventure/root": {
    "criteria": {
      "killed_something": "2024-07-25 15:51:16 +0000"
    },
    "done": true
  },
  "minecraft:adventure/kill_all_mobs": {
    "criteria": {
      "minecraft:creeper": "2024-07-25 16:44:42 +0000",
      "minecraft:husk": "2024-07-25 15:51:16 +0000",
      "minecraft:zombie": "2024-07-25 16:09:53 +0000"
    },
    "done": false
  },
  "minecraft:adventure/kill_a_mob": {
    "criteria": {
      "minecraft:husk": "2024-07-25 15:51:16 +0000"
    },
    "done": true
  },
  "paraglider:root": {
    "criteria": {
      "crafting_table": "2024-07-25 15:51:59 +0000"
    },
    "done": true
  },
  "minecraft:story/root": {
    "criteria": {
      "crafting_table": "2024-07-25 15:51:59 +0000"
    },
    "done": true
  },
  "minecraft:husbandry/balanced_diet": {
    "criteria": {
      "tropical_fish": "2024-07-25 15:56:11 +0000",
      "bread": "2024-07-25 16:08:55 +0000",
      "rotten_flesh": "2024-07-25 15:53:35 +0000"
    },
    "done": false
  },
  "minecraft:husbandry/root": {
    "criteria": {
      "consumed_item": "2024-07-25 15:53:35 +0000"
    },
    "done": true
  },
  "minecraft:story/mine_stone": {
    "criteria": {
      "get_stone": "2024-07-25 15:54:25 +0000"
    },
    "done": true
  },
  "minecraft:story/upgrade_tools": {
    "criteria": {
      "stone_pickaxe": "2024-07-25 15:54:56 +0000"
    },
    "done": true
  },
  "nova_structures:adventure/find_tavern": {
    "criteria": {
      "nova_structures:tavern_jungle": "2024-07-25 16:07:59 +0000"
    },
    "done": true
  },
  "nova_structures:root": {
    "criteria": {
      "nova_structures:adventure/find_tavern": "2024-07-25 16:07:59 +0000"
    },
    "done": true
  },
  "minecraft:adventure/sleep_in_bed": {
    "criteria": {
      "slept_in_bed": "2024-07-25 16:08:59 +0000"
    },
    "done": true
  },
  "quark:crawl_in_hollow_log": {
    "criteria": {
      "crawl_in_hollow_log": "2024-07-25 16:15:40 +0000"
    },
    "done": true
  },
  "minecraft:story/iron_tools": {
    "criteria": {
      "iron_pickaxe": "2024-07-25 16:44:01 +0000"
    },
    "done": true
  },
  "artifacts:amateur_archaeologist": {
    "criteria": {
      "find_artifact": "2024-07-25 16:17:43 +0000"
    },
    "done": true
  },
  "minecraft:story/smelt_iron": {
    "criteria": {
      "iron": "2024-07-25 16:21:04 +0000"
    },
    "done": true
  },
  "DataVersion": 3465
}